Date,SkuId,SalesOrderQty,ProductionQty,DeliveryQty,FactoryIssueQty,OnHandQty,UnitCost,Price,Promotional_Flag
2023-01-01,SKU_001,44,40,44,1,72,34.04,102.48,1
2023-01-02,SKU_001,38,36,38,0,80,22.17,91.49,0
2023-01-03,SKU_001,25,24,25,0,78,28.24,107.11,0
2023-01-04,SKU_001,36,38,36,0,76,12.6,116.93,0
2023-01-05,SKU_001,35,38,35,1,72,14.88,89.71,1
2023-01-06,SKU_001,69,68,69,2,62,31.87,71.09,0
2023-01-07,SKU_001,67,62,67,1,76,11.81,79.52,0
2023-01-08,SKU_001,38,37,38,1,85,15.64,108.13,1
2023-01-09,SKU_001,33,29,33,1,81,38.27,103.74,0
2023-01-10,SKU_001,0,0,0,0,59,12.54,78.66,0
2023-01-11,SKU_001,76,82,76,3,64,38.53,105.65,0
2023-01-12,SKU_001,48,50,48,1,70,14.32,61.89,0
2023-01-13,SKU_001,48,50,48,2,69,40.22,73.73,1
2023-01-14,SKU_001,14,13,14,0,79,44.86,108.22,0
2023-01-15,SKU_001,77,81,77,3,71,14.4,73.68,0
2023-01-16,SKU_001,66,76,66,0,48,18.88,67.19,0
2023-01-17,SKU_001,58,57,58,1,65,48.87,117.75,0
2023-01-18,SKU_001,83,82,83,1,75,30.11,63.09,0
2023-01-19,SKU_001,39,37,39,0,78,19.68,100.33,0
2023-01-20,SKU_001,49,54,49,1,88,31.43,65.42,0
2023-01-21,SKU_001,83,79,83,0,91,10.66,90.73,0
2023-01-22,SKU_001,70,66,70,2,81,15.5,80.46,0
2023-01-23,SKU_001,46,53,46,1,85,32.21,91.78,0
2023-01-24,SKU_001,0,0,0,0,80,46.02,97.99,0
2023-01-25,SKU_001,62,72,62,2,77,35.68,65.05,0
2023-01-26,SKU_001,56,50,56,0,67,31.95,101.51,0
2023-01-27,SKU_001,26,25,26,0,82,35.99,110.95,0
2023-01-28,SKU_001,44,43,44,0,67,48.92,83.59,0
2023-01-29,SKU_001,50,53,50,1,89,17.81,103.35,0
2023-01-30,SKU_001,0,0,0,0,73,48.67,117.82,0
2023-01-31,SKU_001,67,68,67,2,65,32.27,116.17,0
2023-02-01,SKU_001,37,34,37,1,85,39.63,101.82,0
2023-02-02,SKU_001,51,50,51,2,77,46.53,90.68,0
2023-02-03,SKU_001,56,61,56,2,77,23.52,82.53,1
2023-02-04,SKU_001,54,49,54,1,57,33.63,61.83,1
2023-02-05,SKU_001,58,58,58,0,90,18.63,97.37,1
2023-02-06,SKU_001,0,0,0,0,76,31.63,98.25,0
2023-02-07,SKU_001,1,1,1,0,76,27.56,64.71,1
2023-02-08,SKU_001,62,63,62,1,83,16.26,75.01,0
2023-02-09,SKU_001,19,22,19,0,84,32.17,96.7,0
2023-02-10,SKU_001,80,72,80,1,67,11.84,62.44,0
2023-02-11,SKU_001,27,28,27,0,74,16.93,86.03,0
2023-02-12,SKU_001,39,39,39,1,76,30.13,111.39,0
2023-02-13,SKU_001,0,0,0,0,72,33.43,116.41,0
2023-02-14,SKU_001,51,55,51,1,81,25.44,117.67,0
2023-02-15,SKU_001,0,0,0,0,75,14.03,61.09,1
2023-02-16,SKU_001,44,50,44,0,70,42.58,76.91,0
2023-02-17,SKU_001,71,79,71,3,78,21.28,70.65,0
2023-02-18,SKU_001,49,49,49,2,76,23.63,115.85,0
2023-02-19,SKU_001,69,64,69,2,83,30.21,109.59,0
2023-02-20,SKU_001,57,67,57,2,73,35.27,86.91,0
2023-02-21,SKU_001,77,87,77,3,82,13.65,89.67,1
2023-02-22,SKU_001,73,73,73,1,73,15.72,105.69,0
2023-02-23,SKU_001,0,0,0,0,70,42.87,102.37,1
2023-02-24,SKU_001,0,0,0,0,76,24.97,82.24,0
2023-02-25,SKU_001,32,36,32,1,72,26.97,114.38,0
2023-02-26,SKU_001,49,44,49,0,72,14.7,98.95,0
2023-02-27,SKU_001,47,46,47,2,78,18.94,117.79,1
2023-02-28,SKU_001,55,50,55,1,75,48.77,91.39,0
2023-03-01,SKU_001,101,108,101,4,67,11.82,76.86,0
2023-03-02,SKU_001,102,100,102,1,66,28.55,81.2,0
2023-03-03,SKU_001,0,0,0,0,55,42.55,101.08,0
2023-03-04,SKU_001,58,66,58,3,82,26.73,115.96,0
2023-03-05,SKU_001,0,0,0,0,89,25.06,108.63,0
2023-03-06,SKU_001,0,0,0,0,78,43.68,110.3,0
2023-03-07,SKU_001,47,46,47,0,77,49.99,119.8,0
2023-03-08,SKU_001,57,67,57,2,71,15.17,117.24,0
2023-03-09,SKU_001,11,12,11,0,66,36.86,91.22,0
2023-03-10,SKU_001,42,48,42,1,85,26.14,68.04,1
2023-03-11,SKU_001,53,57,53,2,70,10.58,81.04,0
2023-03-12,SKU_001,41,42,41,1,76,41.35,83.79,0
2023-03-13,SKU_001,0,0,0,0,57,28.37,118.8,0
2023-03-14,SKU_001,48,52,48,1,78,17.28,80.74,0
2023-03-15,SKU_001,27,29,27,0,69,17.08,65.32,0
2023-03-16,SKU_001,30,28,30,0,94,11.57,107.96,0
2023-03-17,SKU_001,0,0,0,0,75,46.83,63.66,0
2023-03-18,SKU_001,32,30,32,0,80,29.38,97.1,0
2023-03-19,SKU_001,70,81,70,2,65,31.28,66.43,0
2023-03-20,SKU_001,30,30,30,0,65,22.88,72.69,0
2023-03-21,SKU_001,0,0,0,0,91,41.57,89.91,1
2023-03-22,SKU_001,71,76,71,3,64,21.35,81.78,0
2023-03-23,SKU_001,45,45,45,2,60,14.07,69.17,0
2023-03-24,SKU_001,0,0,0,0,80,21.4,70.4,0
2023-03-25,SKU_001,0,0,0,0,77,14.48,83.87,0
2023-03-26,SKU_001,48,54,48,1,79,47.18,93.41,0
2023-03-27,SKU_001,26,29,26,0,67,30.3,74.54,0
2023-03-28,SKU_001,6,5,6,0,74,31.3,63.11,0
2023-03-29,SKU_001,0,0,0,0,62,49.6,79.34,0
2023-03-30,SKU_001,76,81,76,2,82,26.47,80.93,0
2023-03-31,SKU_001,54,51,54,0,75,39.64,94.47,0
2023-04-01,SKU_001,0,0,0,0,70,16.57,108.87,0
2023-04-02,SKU_001,39,39,39,1,86,27.57,82.62,0
2023-04-03,SKU_001,40,44,40,1,78,25.36,92.61,0
2023-04-04,SKU_001,44,41,44,1,60,15.57,107.64,0
2023-04-05,SKU_001,77,89,77,3,70,19.94,104.64,1
2023-04-06,SKU_001,29,32,29,1,85,14.43,110.79,0
2023-04-07,SKU_001,37,42,37,0,82,38.8,98.47,0
2023-04-08,SKU_001,27,26,27,0,57,28.48,116.84,0
2023-04-09,SKU_001,85,89,85,3,76,37.87,115.35,0
2023-04-10,SKU_001,0,0,0,0,82,34.27,85.45,0
2023-04-11,SKU_001,47,43,47,2,82,43.56,67.48,0
2023-04-12,SKU_001,110,112,110,1,80,23.41,108.17,1
2023-04-13,SKU_001,70,82,70,1,51,23.88,104.25,0
2023-04-14,SKU_001,22,20,22,0,73,26.76,114.89,0
2023-04-15,SKU_001,25,29,25,0,80,26.58,65.12,0
2023-04-16,SKU_001,33,37,33,0,76,45.92,72.31,0
2023-04-17,SKU_001,0,0,0,0,67,41.02,87.2,0
2023-04-18,SKU_001,52,53,52,1,71,44.47,116.77,0
2023-04-19,SKU_001,41,44,41,1,84,11.08,73.32,0
2023-04-20,SKU_001,80,72,80,1,69,36.11,74.29,1
2023-04-21,SKU_001,61,68,61,3,71,36.72,72.3,0
2023-04-22,SKU_001,77,69,77,0,78,26.86,113.56,0
2023-04-23,SKU_001,19,18,19,0,59,34.97,84.56,0
2023-04-24,SKU_001,64,63,64,3,69,44.74,89.25,0
2023-04-25,SKU_001,59,60,59,0,78,35.34,75.47,0
2023-04-26,SKU_001,8,9,8,0,69,10.74,114.86,0
2023-04-27,SKU_001,31,30,31,0,85,18.26,60.66,0
2023-04-28,SKU_001,61,70,61,2,91,17.01,114.86,0
2023-04-29,SKU_001,74,78,74,0,80,13.31,96.19,0
2023-04-30,SKU_001,32,31,32,0,65,32.66,88.56,0
2023-05-01,SKU_001,75,83,75,1,69,29.85,95.81,0
2023-05-02,SKU_001,52,48,52,0,74,37.54,86.09,0
2023-05-03,SKU_001,92,104,92,3,81,24.44,65.49,0
2023-05-04,SKU_001,0,0,0,0,59,27.84,71.11,0
2023-05-05,SKU_001,69,75,69,2,81,43.97,74.98,0
2023-05-06,SKU_001,69,62,69,2,76,21.89,115.46,0
2023-05-07,SKU_001,77,88,77,2,74,43.16,62.22,0
2023-05-08,SKU_001,24,26,24,0,87,22.61,92.37,0
2023-05-09,SKU_001,70,75,70,1,77,10.98,112.21,1
2023-05-10,SKU_001,67,76,67,3,75,24.03,106.03,0
2023-05-11,SKU_001,72,86,72,3,78,26.71,85.28,0
2023-05-12,SKU_001,42,41,42,0,66,19.34,62.53,1
2023-05-13,SKU_001,3,3,3,0,62,48.0,107.18,1
2023-05-14,SKU_001,105,99,105,4,68,19.27,116.56,0
2023-05-15,SKU_001,12,11,12,0,75,17.46,106.78,0
2023-05-16,SKU_001,0,0,0,0,89,37.84,69.23,0
2023-05-17,SKU_001,36,34,36,1,90,13.66,112.65,0
2023-05-18,SKU_001,0,0,0,0,92,48.23,111.73,0
2023-05-19,SKU_001,29,29,29,0,75,20.39,103.41,0
2023-05-20,SKU_001,0,0,0,0,69,44.05,89.71,0
2023-05-21,SKU_001,55,63,55,1,81,20.68,112.72,0
2023-05-22,SKU_001,94,108,94,4,83,37.9,100.81,0
2023-05-23,SKU_001,62,58,62,2,73,23.4,104.61,0
2023-05-24,SKU_001,53,60,53,1,76,35.27,75.59,0
2023-05-25,SKU_001,51,57,51,0,77,48.52,80.51,0
2023-05-26,SKU_001,87,80,87,3,70,22.04,102.49,1
2023-05-27,SKU_001,54,54,54,1,69,40.33,61.48,1
2023-05-28,SKU_001,59,61,59,2,69,20.95,119.83,0
2023-05-29,SKU_001,95,90,95,3,64,13.3,100.83,0
2023-05-30,SKU_001,66,78,66,1,81,26.79,98.31,0
2023-01-01,SKU_002,39,37,39,0,63,24.74,111.86,0
2023-01-02,SKU_002,37,35,37,1,68,43.79,105.66,0
2023-01-03,SKU_002,56,50,56,2,73,29.26,67.04,0
2023-01-04,SKU_002,52,53,52,0,56,33.28,76.14,0
2023-01-05,SKU_002,41,42,41,0,61,29.2,96.0,0
2023-01-06,SKU_002,27,31,27,1,62,14.2,74.52,0
2023-01-07,SKU_002,30,31,30,1,67,10.39,79.59,0
2023-01-08,SKU_002,0,0,0,0,77,11.33,64.71,0
2023-01-09,SKU_002,79,90,79,1,68,16.7,66.27,0
2023-01-10,SKU_002,43,47,43,2,57,38.56,108.1,0
2023-01-11,SKU_002,69,71,69,2,64,31.06,103.9,1
2023-01-12,SKU_002,0,0,0,0,54,41.59,99.52,0
2023-01-13,SKU_002,30,33,30,0,53,37.21,64.33,1
2023-01-14,SKU_002,53,55,53,2,70,27.02,80.76,0
2023-01-15,SKU_002,60,54,60,2,49,39.01,89.2,0
2023-01-16,SKU_002,83,85,83,1,69,18.43,97.38,0
2023-01-17,SKU_002,45,42,45,1,65,29.69,74.83,0
2023-01-18,SKU_002,35,36,35,0,53,25.64,118.16,0
2023-01-19,SKU_002,48,47,48,1,49,12.94,70.19,0
2023-01-20,SKU_002,36,41,36,1,68,38.27,70.02,0
2023-01-21,SKU_002,0,0,0,0,51,36.55,88.48,0
2023-01-22,SKU_002,63,60,63,0,64,20.79,63.43,0
2023-01-23,SKU_002,57,56,57,1,62,11.66,68.9,0
2023-01-24,SKU_002,60,62,60,1,65,29.55,100.01,0
2023-01-25,SKU_002,0,0,0,0,55,36.94,118.19,1
2023-01-26,SKU_002,55,56,55,2,67,43.52,116.68,0
2023-01-27,SKU_002,22,23,22,1,59,47.24,101.37,0
2023-01-28,SKU_002,43,47,43,1,56,36.31,119.96,1
2023-01-29,SKU_002,48,49,48,2,65,39.54,112.71,0
2023-01-30,SKU_002,71,78,71,3,68,27.42,109.07,0
2023-01-31,SKU_002,55,49,55,1,52,37.82,83.31,0
2023-02-01,SKU_002,7,7,7,0,64,36.73,97.17,0
2023-02-02,SKU_002,27,31,27,0,59,23.65,82.81,0
2023-02-03,SKU_002,41,43,41,1,68,38.72,117.33,1
2023-02-04,SKU_002,53,47,53,1,60,47.08,63.62,0
2023-02-05,SKU_002,50,46,50,1,55,22.29,108.18,0
2023-02-06,SKU_002,21,22,21,0,57,14.88,70.87,0
2023-02-07,SKU_002,9,9,9,0,64,20.26,117.78,0
2023-02-08,SKU_002,22,23,22,0,66,34.06,109.15,0
2023-02-09,SKU_002,44,42,44,1,72,46.0,81.21,0
2023-02-10,SKU_002,35,34,35,1,78,13.82,97.43,0
2023-02-11,SKU_002,24,22,24,0,59,13.83,61.42,0
2023-02-12,SKU_002,51,54,51,1,75,29.87,119.27,0
2023-02-13,SKU_002,7,7,7,0,71,49.65,67.7,0
2023-02-14,SKU_002,64,68,64,1,53,24.2,64.17,0
2023-02-15,SKU_002,0,0,0,0,56,19.35,92.4,0
2023-02-16,SKU_002,0,0,0,0,66,36.78,119.65,0
2023-02-17,SKU_002,36,33,36,1,77,48.31,70.52,0
2023-02-18,SKU_002,22,22,22,0,63,23.9,99.89,0
2023-02-19,SKU_002,30,28,30,1,51,47.08,92.4,0
2023-02-20,SKU_002,26,29,26,0,64,43.04,106.92,0
2023-02-21,SKU_002,0,0,0,0,56,13.51,116.22,0
2023-02-22,SKU_002,14,14,14,0,66,46.78,89.82,0
2023-02-23,SKU_002,93,89,93,4,63,25.22,112.68,0
2023-02-24,SKU_002,39,44,39,0,61,16.94,101.7,0
2023-02-25,SKU_002,26,28,26,1,62,34.25,105.89,0
2023-02-26,SKU_002,58,59,58,0,57,11.03,68.11,0
2023-02-27,SKU_002,38,45,38,1,63,27.58,66.34,0
2023-02-28,SKU_002,1,1,1,0,61,12.33,119.69,1
2023-03-01,SKU_002,72,86,72,1,57,37.69,63.74,0
2023-03-02,SKU_002,35,40,35,1,70,31.08,85.57,0
2023-03-03,SKU_002,11,11,11,0,53,43.1,104.02,0
2023-03-04,SKU_002,0,0,0,0,47,29.25,61.15,0
2023-03-05,SKU_002,44,42,44,0,53,19.65,118.55,0
2023-03-06,SKU_002,21,22,21,0,62,43.77,65.88,0
2023-03-07,SKU_002,66,68,66,1,55,25.78,87.57,0
2023-03-08,SKU_002,65,67,65,1,53,43.63,62.31,0
2023-03-09,SKU_002,71,82,71,2,73,34.56,64.0,0
2023-03-10,SKU_002,43,47,43,0,77,13.39,102.98,1
2023-03-11,SKU_002,0,0,0,0,51,23.99,106.48,0
2023-03-12,SKU_002,21,19,21,0,72,20.6,61.26,1
2023-03-13,SKU_002,56,55,56,2,50,18.23,67.28,0
2023-03-14,SKU_002,73,79,73,2,57,49.2,96.11,0
2023-03-15,SKU_002,61,69,61,2,59,47.12,73.48,0
2023-03-16,SKU_002,24,24,24,0,61,45.48,98.75,0
2023-03-17,SKU_002,36,41,36,1,61,40.2,87.63,0
2023-03-18,SKU_002,47,53,47,1,64,49.39,116.24,1
2023-03-19,SKU_002,15,14,15,0,58,30.23,110.44,0
2023-03-20,SKU_002,54,58,54,1,67,37.56,112.4,0
2023-03-21,SKU_002,5,4,5,0,61,42.0,72.24,0
2023-03-22,SKU_002,24,26,24,0,72,32.17,60.31,0
2023-03-23,SKU_002,0,0,0,0,57,18.1,117.48,0
2023-03-24,SKU_002,32,37,32,1,56,24.73,86.92,0
2023-03-25,SKU_002,6,6,6,0,75,10.13,97.18,0
2023-03-26,SKU_002,45,46,45,1,55,12.59,94.8,0
2023-03-27,SKU_002,75,85,75,1,70,43.0,89.9,1
2023-03-28,SKU_002,0,0,0,0,68,41.54,91.04,0
2023-03-29,SKU_002,61,60,61,1,62,33.93,104.14,0
2023-03-30,SKU_002,39,42,39,1,73,14.73,84.59,0
2023-03-31,SKU_002,53,56,53,1,58,23.38,61.57,1
2023-04-01,SKU_002,18,17,18,0,65,20.37,85.78,0
2023-04-02,SKU_002,38,36,38,1,53,15.34,64.84,0
2023-04-03,SKU_002,0,0,0,0,70,16.36,96.61,0
2023-04-04,SKU_002,58,63,58,3,54,19.88,114.38,0
2023-04-05,SKU_002,23,25,23,0,58,12.51,114.39,0
2023-04-06,SKU_002,41,41,41,0,64,32.41,116.21,1
2023-04-07,SKU_002,43,42,43,1,53,32.61,87.84,0
2023-04-08,SKU_002,53,53,53,0,59,20.04,111.04,0
2023-04-09,SKU_002,30,28,30,1,60,38.31,92.61,1
2023-04-10,SKU_002,45,47,45,0,59,26.47,99.06,0
2023-04-11,SKU_002,0,0,0,0,79,42.26,87.55,1
2023-04-12,SKU_002,28,26,28,0,56,40.27,91.16,0
2023-04-13,SKU_002,35,41,35,1,49,11.09,63.91,0
2023-04-14,SKU_002,38,35,38,1,89,42.88,82.83,0
2023-04-15,SKU_002,44,43,44,1,50,33.1,98.07,0
2023-04-16,SKU_002,43,40,43,1,70,41.73,79.01,0
2023-04-17,SKU_002,35,33,35,1,59,36.17,69.13,0
2023-04-18,SKU_002,42,49,42,1,74,49.36,100.08,0
2023-04-19,SKU_002,38,36,38,0,71,32.39,91.64,0
2023-04-20,SKU_002,45,43,45,1,59,42.76,92.45,0
2023-04-21,SKU_002,69,71,69,1,61,29.77,109.69,0
2023-04-22,SKU_002,59,54,59,1,67,15.68,80.88,0
2023-04-23,SKU_002,67,67,67,2,75,28.85,118.75,0
2023-04-24,SKU_002,17,18,17,0,72,17.0,111.34,0
2023-04-25,SKU_002,59,65,59,1,51,22.21,72.76,1
2023-04-26,SKU_002,52,60,52,2,64,41.54,99.9,0
2023-04-27,SKU_002,55,51,55,1,78,28.41,111.87,0
2023-04-28,SKU_002,30,33,30,1,62,21.2,111.5,0
2023-04-29,SKU_002,57,51,57,2,68,39.07,78.29,0
2023-04-30,SKU_002,49,45,49,0,78,10.5,88.13,0
2023-05-01,SKU_002,20,22,20,0,53,46.12,111.14,0
2023-05-02,SKU_002,39,44,39,0,61,33.31,119.73,0
2023-05-03,SKU_002,22,20,22,0,64,36.77,109.76,0
2023-05-04,SKU_002,0,0,0,0,68,27.38,106.43,0
2023-05-05,SKU_002,85,92,85,3,53,38.11,74.25,0
2023-05-06,SKU_002,0,0,0,0,81,48.02,96.04,0
2023-05-07,SKU_002,38,41,38,0,56,28.9,62.74,0
2023-05-08,SKU_002,14,16,14,0,51,34.43,76.84,0
2023-05-09,SKU_002,40,36,40,0,60,42.1,94.32,0
2023-05-10,SKU_002,26,30,26,0,64,14.55,80.71,0
2023-05-11,SKU_002,26,27,26,1,56,26.87,84.66,0
2023-05-12,SKU_002,10,10,10,0,58,20.3,63.57,0
2023-05-13,SKU_002,44,41,44,1,44,14.84,85.14,0
2023-05-14,SKU_002,0,0,0,0,56,24.19,116.5,0
2023-05-15,SKU_002,66,59,66,2,48,46.53,96.75,0
2023-05-16,SKU_002,43,40,43,0,56,26.88,77.7,0
2023-05-17,SKU_002,1,1,1,0,69,43.82,101.55,0
2023-05-18,SKU_002,22,25,22,0,53,41.94,109.35,0
2023-05-19,SKU_002,4,4,4,0,57,34.04,102.34,0
2023-05-20,SKU_002,36,33,36,1,52,23.84,69.27,1
2023-05-21,SKU_002,12,11,12,0,73,22.45,100.63,0
2023-05-22,SKU_002,81,76,81,2,59,11.1,90.33,0
2023-05-23,SKU_002,19,17,19,0,59,28.34,77.35,0
2023-05-24,SKU_002,0,0,0,0,68,34.12,109.6,0
2023-05-25,SKU_002,35,41,35,1,49,31.66,69.25,0
2023-05-26,SKU_002,18,20,18,0,47,20.37,71.68,1
2023-05-27,SKU_002,30,29,30,1,46,33.22,68.35,0
2023-05-28,SKU_002,57,59,57,1,72,34.83,72.08,0
2023-05-29,SKU_002,0,0,0,0,79,31.72,73.66,0
2023-05-30,SKU_002,47,54,47,0,77,41.62,67.49,0
2023-01-01,SKU_003,0,0,0,0,62,44.54,95.32,0
2023-01-02,SKU_003,49,47,49,1,65,29.69,94.64,0
2023-01-03,SKU_003,0,0,0,0,67,32.94,117.36,0
2023-01-04,SKU_003,0,0,0,0,68,27.57,110.82,0
2023-01-05,SKU_003,0,0,0,0,68,35.06,115.58,1
2023-01-06,SKU_003,0,0,0,0,71,15.38,77.96,0
2023-01-07,SKU_003,62,60,62,1,58,10.57,104.27,0
2023-01-08,SKU_003,58,54,58,2,68,40.64,110.76,0
2023-01-09,SKU_003,0,0,0,0,73,13.11,84.45,0
2023-01-10,SKU_003,0,0,0,0,63,47.91,64.34,0
2023-01-11,SKU_003,39,38,39,0,75,38.28,63.01,1
2023-01-12,SKU_003,42,41,42,0,70,47.17,84.31,0
2023-01-13,SKU_003,30,31,30,0,63,34.14,81.47,0
2023-01-14,SKU_003,0,0,0,0,63,30.12,86.96,0
2023-01-15,SKU_003,46,44,46,1,58,42.9,108.24,0
2023-01-16,SKU_003,49,48,49,1,58,21.37,68.03,0
2023-01-17,SKU_003,0,0,0,0,57,21.05,102.42,1
2023-01-18,SKU_003,42,37,42,0,55,14.08,81.61,0
2023-01-19,SKU_003,63,62,63,2,61,46.4,82.64,0
2023-01-20,SKU_003,0,0,0,0,71,29.75,83.26,0
2023-01-21,SKU_003,60,71,60,2,73,48.03,102.15,0
2023-01-22,SKU_003,0,0,0,0,59,24.4,117.41,0
2023-01-23,SKU_003,44,45,44,0,51,12.09,106.05,0
2023-01-24,SKU_003,15,17,15,0,59,45.21,72.94,0
2023-01-25,SKU_003,81,80,81,1,73,22.63,98.69,0
2023-01-26,SKU_003,57,54,57,2,55,12.32,66.69,0
2023-01-27,SKU_003,0,0,0,0,51,10.59,82.75,0
2023-01-28,SKU_003,0,0,0,0,61,26.17,91.86,0
2023-01-29,SKU_003,0,0,0,0,40,48.54,91.14,0
2023-01-30,SKU_003,55,58,55,2,69,15.02,61.02,0
2023-01-31,SKU_003,35,31,35,0,58,40.93,91.08,0
2023-02-01,SKU_003,45,51,45,0,63,45.94,106.99,0
2023-02-02,SKU_003,11,10,11,0,56,19.86,89.04,0
2023-02-03,SKU_003,42,49,42,0,65,24.63,73.52,0
2023-02-04,SKU_003,0,0,0,0,66,15.88,108.67,0
2023-02-05,SKU_003,68,74,68,1,68,21.62,88.2,0
2023-02-06,SKU_003,37,33,37,0,53,48.32,91.78,0
2023-02-07,SKU_003,39,43,39,0,70,28.39,92.79,0
2023-02-08,SKU_003,0,0,0,0,57,27.82,72.55,1
2023-02-09,SKU_003,33,39,33,0,68,48.06,119.69,0
2023-02-10,SKU_003,11,11,11,0,66,12.92,97.34,0
2023-02-11,SKU_003,0,0,0,0,63,49.09,105.44,0
2023-02-12,SKU_003,52,58,52,1,74,16.51,93.91,0
2023-02-13,SKU_003,64,57,64,0,68,19.15,98.06,0
2023-02-14,SKU_003,38,43,38,1,61,11.17,88.85,0
2023-02-15,SKU_003,0,0,0,0,55,25.91,115.17,0
2023-02-16,SKU_003,0,0,0,0,51,40.17,115.11,0
2023-02-17,SKU_003,11,11,11,0,66,24.34,99.4,0
2023-02-18,SKU_003,0,0,0,0,49,14.07,90.36,0
2023-02-19,SKU_003,0,0,0,0,64,21.3,117.03,0
2023-02-20,SKU_003,38,40,38,1,56,24.12,113.65,0
2023-02-21,SKU_003,60,61,60,2,60,18.19,95.47,0
2023-02-22,SKU_003,0,0,0,0,41,42.44,110.15,0
2023-02-23,SKU_003,45,50,45,1,48,27.01,62.25,0
2023-02-24,SKU_003,48,43,48,1,57,48.92,73.57,0
2023-02-25,SKU_003,42,40,42,0,68,39.68,110.91,0
2023-02-26,SKU_003,20,19,20,0,59,24.84,114.12,0
2023-02-27,SKU_003,50,56,50,1,77,13.14,92.67,0
2023-02-28,SKU_003,0,0,0,0,71,33.35,117.13,1
2023-03-01,SKU_003,0,0,0,0,71,40.36,66.15,0
2023-03-02,SKU_003,23,23,23,1,67,38.57,87.7,0
2023-03-03,SKU_003,58,64,58,2,70,17.81,80.72,0
2023-03-04,SKU_003,30,34,30,1,66,47.88,89.78,0
2023-03-05,SKU_003,0,0,0,0,77,39.38,83.06,1
2023-03-06,SKU_003,40,38,40,1,66,42.69,92.79,0
2023-03-07,SKU_003,0,0,0,0,68,17.17,108.0,0
2023-03-08,SKU_003,50,46,50,2,59,21.6,112.28,0
2023-03-09,SKU_003,25,24,25,0,73,46.24,60.73,0
2023-03-10,SKU_003,0,0,0,0,65,21.51,78.41,0
2023-03-11,SKU_003,65,66,65,0,55,41.35,77.15,0
2023-03-12,SKU_003,33,33,33,1,61,35.67,100.29,0
2023-03-13,SKU_003,0,0,0,0,59,21.11,76.58,0
2023-03-14,SKU_003,46,42,46,1,61,39.52,102.27,0
2023-03-15,SKU_003,24,24,24,0,62,20.74,77.25,0
2023-03-16,SKU_003,14,15,14,0,58,33.96,97.42,0
2023-03-17,SKU_003,0,0,0,0,60,48.6,75.05,0
2023-03-18,SKU_003,12,11,12,0,70,44.64,116.8,0
2023-03-19,SKU_003,0,0,0,0,67,18.11,95.26,0
2023-03-20,SKU_003,48,49,48,0,50,28.01,117.45,0
2023-03-21,SKU_003,51,48,51,1,62,13.71,104.9,0
2023-03-22,SKU_003,38,37,38,1,77,35.51,74.52,0
2023-03-23,SKU_003,0,0,0,0,74,45.1,104.32,1
2023-03-24,SKU_003,0,0,0,0,55,12.5,87.54,0
2023-03-25,SKU_003,26,28,26,0,67,47.31,92.66,0
2023-03-26,SKU_003,51,57,51,2,56,24.84,115.25,0
2023-03-27,SKU_003,42,41,42,1,65,41.5,87.26,0
2023-03-28,SKU_003,0,0,0,0,69,27.1,86.55,0
2023-03-29,SKU_003,32,29,32,0,48,30.11,63.37,0
2023-03-30,SKU_003,46,47,46,1,59,20.41,69.57,0
2023-03-31,SKU_003,0,0,0,0,69,42.57,101.11,0
2023-04-01,SKU_003,48,47,48,0,87,24.28,81.23,0
2023-04-02,SKU_003,65,64,65,2,62,24.18,90.34,0
2023-04-03,SKU_003,48,44,48,1,64,17.75,111.53,0
2023-04-04,SKU_003,98,113,98,4,80,16.41,100.42,0
2023-04-05,SKU_003,20,19,20,0,71,30.6,69.68,1
2023-04-06,SKU_003,0,0,0,0,70,45.63,74.49,0
2023-04-07,SKU_003,0,0,0,0,83,19.81,63.46,0
2023-04-08,SKU_003,0,0,0,0,66,48.39,96.98,0
2023-04-09,SKU_003,67,74,67,2,43,16.87,90.01,0
2023-04-10,SKU_003,52,48,52,1,81,14.69,80.23,0
2023-04-11,SKU_003,33,38,33,0,52,30.31,85.16,1
2023-04-12,SKU_003,41,43,41,1,56,37.55,75.2,1
2023-04-13,SKU_003,65,74,65,3,64,29.4,80.02,0
2023-04-14,SKU_003,48,55,48,1,60,13.03,83.27,0
2023-04-15,SKU_003,36,38,36,1,71,12.66,98.9,1
2023-04-16,SKU_003,36,43,36,1,74,22.85,73.21,0
2023-04-17,SKU_003,38,39,38,1,57,36.27,102.53,1
2023-04-18,SKU_003,0,0,0,0,61,42.18,106.37,0
2023-04-19,SKU_003,0,0,0,0,63,33.35,106.92,0
2023-04-20,SKU_003,20,22,20,0,63,39.69,70.19,0
2023-04-21,SKU_003,48,54,48,1,64,36.17,113.35,0
2023-04-22,SKU_003,40,44,40,0,52,18.09,78.83,0
2023-04-23,SKU_003,0,0,0,0,63,17.52,64.62,0
2023-04-24,SKU_003,59,67,59,2,57,37.69,75.84,0
2023-04-25,SKU_003,58,57,58,1,68,18.75,95.72,0
2023-04-26,SKU_003,24,27,24,1,57,13.54,101.94,0
2023-04-27,SKU_003,53,48,53,0,66,11.56,100.01,0
2023-04-28,SKU_003,12,13,12,0,65,19.96,94.6,1
2023-04-29,SKU_003,0,0,0,0,65,23.07,104.89,0
2023-04-30,SKU_003,40,37,40,0,58,24.42,107.02,0
2023-05-01,SKU_003,19,17,19,0,68,34.95,105.74,1
2023-05-02,SKU_003,62,67,62,2,80,33.48,94.86,0
2023-05-03,SKU_003,75,76,75,1,58,33.87,115.69,0
2023-05-04,SKU_003,14,16,14,0,64,35.98,108.26,0
2023-05-05,SKU_003,40,44,40,1,57,24.92,116.5,0
2023-05-06,SKU_003,63,68,63,1,72,16.25,98.16,0
2023-05-07,SKU_003,0,0,0,0,79,43.49,70.18,1
2023-05-08,SKU_003,31,33,31,1,66,48.44,92.16,0
2023-05-09,SKU_003,50,47,50,1,66,33.33,95.57,0
2023-05-10,SKU_003,0,0,0,0,61,26.93,65.07,0
2023-05-11,SKU_003,48,46,48,2,69,45.44,71.8,0
2023-05-12,SKU_003,47,48,47,2,63,12.5,80.12,1
2023-05-13,SKU_003,48,56,48,0,65,25.42,64.26,0
2023-05-14,SKU_003,0,0,0,0,58,16.7,68.84,0
2023-05-15,SKU_003,36,42,36,1,70,23.05,77.96,0
2023-05-16,SKU_003,0,0,0,0,57,24.21,100.44,1
2023-05-17,SKU_003,0,0,0,0,59,44.59,69.3,1
2023-05-18,SKU_003,24,23,24,0,60,33.23,90.33,0
2023-05-19,SKU_003,47,46,47,1,62,22.26,109.34,1
2023-05-20,SKU_003,26,26,26,1,78,41.08,111.73,0
2023-05-21,SKU_003,57,65,57,3,60,17.81,89.36,0
2023-05-22,SKU_003,58,60,58,2,71,26.27,79.69,0
2023-05-23,SKU_003,35,32,35,0,79,29.58,98.68,0
2023-05-24,SKU_003,72,72,72,2,64,17.41,76.72,0
2023-05-25,SKU_003,0,0,0,0,53,21.43,115.63,0
2023-05-26,SKU_003,35,39,35,0,54,13.48,93.41,0
2023-05-27,SKU_003,51,49,51,0,54,44.96,74.98,0
2023-05-28,SKU_003,0,0,0,0,67,40.01,69.12,0
2023-05-29,SKU_003,65,60,65,1,55,19.53,114.51,0
2023-05-30,SKU_003,29,32,29,0,39,33.88,119.97,0
2023-01-01,SKU_004,0,0,0,0,72,23.62,90.63,0
2023-01-02,SKU_004,63,57,63,0,118,32.05,86.29,0
2023-01-03,SKU_004,50,48,50,0,73,38.98,66.7,0
2023-01-04,SKU_004,42,47,42,1,66,40.03,67.53,0
2023-01-05,SKU_004,67,78,67,1,96,12.65,61.15,0
2023-01-06,SKU_004,35,35,35,0,85,48.46,100.07,0
2023-01-07,SKU_004,87,86,87,3,87,47.89,113.09,0
2023-01-08,SKU_004,71,84,71,1,93,23.6,64.74,0
2023-01-09,SKU_004,74,87,74,1,72,24.9,115.72,1
2023-01-10,SKU_004,59,55,59,2,65,27.87,90.09,0
2023-01-11,SKU_004,78,87,78,2,85,46.17,109.04,0
2023-01-12,SKU_004,30,30,30,1,95,45.82,114.55,0
2023-01-13,SKU_004,33,31,33,0,71,27.2,109.86,0
2023-01-14,SKU_004,11,11,11,0,80,33.84,86.03,0
2023-01-15,SKU_004,72,72,72,2,78,36.35,115.89,0
2023-01-16,SKU_004,68,69,68,1,80,10.43,109.59,0
2023-01-17,SKU_004,26,24,26,1,102,18.59,64.03,0
2023-01-18,SKU_004,53,56,53,0,75,16.9,94.08,0
2023-01-19,SKU_004,9,8,9,0,68,37.68,87.48,0
2023-01-20,SKU_004,62,62,62,2,61,42.83,88.64,0
2023-01-21,SKU_004,38,36,38,0,88,28.67,88.93,0
2023-01-22,SKU_004,78,89,78,2,72,28.36,78.2,0
2023-01-23,SKU_004,56,59,56,0,82,29.02,84.46,0
2023-01-24,SKU_004,53,59,53,0,82,26.71,66.98,0
2023-01-25,SKU_004,38,38,38,1,80,26.13,110.02,0
2023-01-26,SKU_004,21,19,21,0,70,26.53,100.55,0
2023-01-27,SKU_004,24,22,24,0,73,11.68,85.15,0
2023-01-28,SKU_004,17,17,17,0,81,48.32,73.23,0
2023-01-29,SKU_004,56,60,56,1,84,40.1,91.88,0
2023-01-30,SKU_004,69,65,69,2,83,31.61,110.68,0
2023-01-31,SKU_004,47,54,47,1,80,30.56,78.51,0
2023-02-01,SKU_004,49,54,49,1,82,36.84,108.33,0
2023-02-02,SKU_004,36,43,36,0,86,34.14,99.57,0
2023-02-03,SKU_004,22,21,22,0,83,26.69,69.61,0
2023-02-04,SKU_004,60,55,60,1,80,14.01,61.0,0
2023-02-05,SKU_004,41,37,41,1,71,48.99,68.13,0
2023-02-06,SKU_004,48,43,48,0,85,32.96,83.57,1
2023-02-07,SKU_004,49,52,49,1,77,48.95,92.65,0
2023-02-08,SKU_004,62,62,62,1,74,12.02,85.57,0
2023-02-09,SKU_004,36,41,36,1,70,13.81,87.0,0
2023-02-10,SKU_004,0,0,0,0,73,25.78,91.8,0
2023-02-11,SKU_004,65,61,65,0,85,20.73,81.66,0
2023-02-12,SKU_004,86,82,86,2,68,20.39,113.17,0
2023-02-13,SKU_004,41,39,41,1,62,43.04,100.39,0
2023-02-14,SKU_004,62,62,62,2,70,20.83,64.87,0
2023-02-15,SKU_004,65,69,65,3,89,21.58,88.06,0
2023-02-16,SKU_004,10,10,10,0,69,18.06,116.07,0
2023-02-17,SKU_004,84,76,84,3,80,11.61,113.39,0
2023-02-18,SKU_004,66,64,66,2,70,14.11,67.56,0
2023-02-19,SKU_004,41,45,41,1,87,34.13,100.95,0
2023-02-20,SKU_004,72,69,72,2,69,19.33,97.52,0
2023-02-21,SKU_004,75,68,75,2,81,23.65,88.71,0
2023-02-22,SKU_004,44,40,44,0,77,11.11,97.88,0
2023-02-23,SKU_004,39,42,39,2,68,12.02,113.42,0
2023-02-24,SKU_004,34,31,34,1,77,23.64,115.04,0
2023-02-25,SKU_004,29,30,29,1,88,46.01,107.53,0
2023-02-26,SKU_004,49,44,49,0,80,18.72,99.71,0
2023-02-27,SKU_004,77,82,77,1,64,15.38,65.67,0
2023-02-28,SKU_004,34,34,34,1,80,41.19,67.09,1
2023-03-01,SKU_004,22,19,22,0,69,44.05,117.46,0
2023-03-02,SKU_004,54,54,54,1,69,25.55,74.42,1
2023-03-03,SKU_004,51,54,51,2,80,49.82,94.96,0
2023-03-04,SKU_004,33,36,33,1,60,22.61,67.99,0
2023-03-05,SKU_004,90,99,90,3,85,44.91,90.0,0
2023-03-06,SKU_004,41,44,41,1,59,17.85,67.53,0
2023-03-07,SKU_004,108,114,108,1,71,12.28,66.33,0
2023-03-08,SKU_004,66,75,66,0,64,29.93,101.36,0
2023-03-09,SKU_004,70,80,70,2,80,39.21,81.89,0
2023-03-10,SKU_004,65,69,65,1,68,46.45,61.26,0
2023-03-11,SKU_004,68,67,68,2,88,25.84,105.38,0
2023-03-12,SKU_004,56,66,56,1,67,12.48,80.36,0
2023-03-13,SKU_004,5,5,5,0,70,45.33,84.89,0
2023-03-14,SKU_004,96,88,96,3,69,47.62,98.93,0
2023-03-15,SKU_004,106,113,106,2,72,23.52,67.61,0
2023-03-16,SKU_004,33,30,33,0,84,33.81,112.31,0
2023-03-17,SKU_004,55,50,55,1,92,46.32,83.78,0
2023-03-18,SKU_004,46,49,46,0,65,47.58,105.31,0
2023-03-19,SKU_004,50,54,50,2,69,41.34,76.62,0
2023-03-20,SKU_004,64,58,64,1,69,30.65,94.84,0
2023-03-21,SKU_004,82,97,82,1,76,49.3,65.17,0
2023-03-22,SKU_004,47,51,47,1,66,12.18,95.97,0
2023-03-23,SKU_004,45,41,45,1,62,43.05,95.28,0
2023-03-24,SKU_004,80,87,80,3,79,33.94,84.85,0
2023-03-25,SKU_004,21,22,21,0,82,17.39,63.58,0
2023-03-26,SKU_004,17,18,17,0,79,27.67,69.8,0
2023-03-27,SKU_004,39,39,39,1,76,29.33,82.97,0
2023-03-28,SKU_004,35,32,35,1,77,32.64,112.68,0
2023-03-29,SKU_004,98,89,98,4,83,43.69,77.8,1
2023-03-30,SKU_004,15,15,15,0,78,37.37,116.94,0
2023-03-31,SKU_004,34,30,34,1,78,35.67,84.65,0
2023-04-01,SKU_004,54,60,54,1,83,25.73,74.22,1
2023-04-02,SKU_004,65,69,65,2,88,46.9,64.36,0
2023-04-03,SKU_004,63,72,63,1,74,25.97,84.58,0
2023-04-04,SKU_004,38,42,38,1,88,33.13,109.96,0
2023-04-05,SKU_004,55,51,55,1,73,31.94,84.16,0
2023-04-06,SKU_004,60,61,60,0,69,16.35,116.96,0
2023-04-07,SKU_004,82,85,82,2,65,24.31,95.63,0
2023-04-08,SKU_004,109,116,109,2,63,39.69,61.51,0
2023-04-09,SKU_004,15,16,15,0,82,41.85,104.1,0
2023-04-10,SKU_004,42,43,42,1,71,30.55,77.29,1
2023-04-11,SKU_004,74,67,74,2,68,47.66,70.46,0
2023-04-12,SKU_004,70,71,70,2,99,45.86,71.78,1
2023-04-13,SKU_004,72,77,72,3,79,27.19,104.99,0
2023-04-14,SKU_004,39,37,39,0,69,22.26,93.31,0
2023-04-15,SKU_004,35,32,35,0,79,30.72,72.84,0
2023-04-16,SKU_004,81,92,81,4,90,10.81,69.23,0
2023-04-17,SKU_004,94,103,94,4,85,49.88,103.21,0
2023-04-18,SKU_004,45,43,45,0,82,44.36,90.0,0
2023-04-19,SKU_004,69,68,69,1,85,18.39,118.59,0
2023-04-20,SKU_004,74,83,74,3,70,48.63,83.61,0
2023-04-21,SKU_004,63,60,63,1,94,22.49,85.65,0
2023-04-22,SKU_004,40,39,40,0,63,41.34,114.56,0
2023-04-23,SKU_004,18,16,18,0,65,14.36,74.91,0
2023-04-24,SKU_004,43,49,43,2,85,40.59,68.8,0
2023-04-25,SKU_004,26,27,26,0,90,30.42,67.2,0
2023-04-26,SKU_004,48,52,48,2,81,42.48,116.74,0
2023-04-27,SKU_004,60,67,60,2,70,20.09,112.38,0
2023-04-28,SKU_004,47,54,47,1,96,16.73,110.19,0
2023-04-29,SKU_004,53,57,53,1,96,43.15,109.77,0
2023-04-30,SKU_004,62,68,62,1,87,45.17,103.52,0
2023-05-01,SKU_004,53,57,53,1,79,19.95,116.52,0
2023-05-02,SKU_004,28,25,28,0,74,49.03,82.15,0
2023-05-03,SKU_004,0,0,0,0,87,30.22,90.47,0
2023-05-04,SKU_004,47,51,47,1,76,26.61,85.33,0
2023-05-05,SKU_004,62,63,62,1,88,20.27,105.13,0
2023-05-06,SKU_004,69,69,69,0,76,18.17,85.12,0
2023-05-07,SKU_004,0,0,0,0,82,16.71,67.22,1
2023-05-08,SKU_004,67,78,67,2,78,23.95,82.49,0
2023-05-09,SKU_004,28,26,28,0,76,42.1,80.47,0
2023-05-10,SKU_004,41,43,41,1,75,49.55,88.99,0
2023-05-11,SKU_004,85,82,85,2,80,23.82,60.42,0
2023-05-12,SKU_004,39,44,39,1,66,19.34,64.09,0
2023-05-13,SKU_004,34,33,34,0,87,46.21,89.58,0
2023-05-14,SKU_004,45,53,45,0,66,22.82,69.86,0
2023-05-15,SKU_004,28,30,28,0,82,31.79,64.67,0
2023-05-16,SKU_004,41,47,41,0,94,47.39,114.55,0
2023-05-17,SKU_004,53,50,53,1,68,25.73,92.67,0
2023-05-18,SKU_004,19,18,19,0,92,39.58,98.73,0
2023-05-19,SKU_004,52,48,52,1,72,20.96,117.34,0
2023-05-20,SKU_004,49,44,49,0,83,15.65,105.81,0
2023-05-21,SKU_004,48,48,48,1,90,17.68,68.76,0
2023-05-22,SKU_004,18,20,18,0,64,35.43,81.36,0
2023-05-23,SKU_004,27,30,27,0,74,19.5,77.99,0
2023-05-24,SKU_004,44,48,44,1,72,28.76,108.06,0
2023-05-25,SKU_004,63,73,63,1,66,12.23,96.59,0
2023-05-26,SKU_004,77,71,77,1,72,46.43,60.36,0
2023-05-27,SKU_004,45,44,45,2,84,31.87,113.07,0
2023-05-28,SKU_004,33,31,33,0,75,24.88,105.59,0
2023-05-29,SKU_004,65,72,65,2,75,19.08,104.63,0
2023-05-30,SKU_004,14,14,14,0,71,24.07,114.57,0
2023-01-01,SKU_005,0,0,0,0,140,47.64,97.39,0
2023-01-02,SKU_005,61,70,61,1,119,36.95,87.02,0
2023-01-03,SKU_005,61,66,61,1,126,18.16,77.51,0
2023-01-04,SKU_005,136,131,136,6,107,45.92,91.5,0
2023-01-05,SKU_005,0,0,0,0,117,10.04,62.36,0
2023-01-06,SKU_005,69,75,69,3,102,39.12,96.02,0
2023-01-07,SKU_005,86,102,86,3,141,12.74,113.84,0
2023-01-08,SKU_005,35,40,35,1,111,44.18,80.4,0
2023-01-09,SKU_005,0,0,0,0,82,43.9,70.91,0
2023-01-10,SKU_005,91,99,91,1,151,18.47,62.49,0
2023-01-11,SKU_005,95,97,95,4,135,38.77,115.81,0
2023-01-12,SKU_005,68,72,68,2,110,34.02,69.98,0
2023-01-13,SKU_005,83,89,83,1,123,36.67,97.4,0
2023-01-14,SKU_005,10,10,10,0,127,42.21,71.15,1
2023-01-15,SKU_005,54,53,54,1,152,23.88,115.97,0
2023-01-16,SKU_005,121,110,121,3,107,23.45,115.23,1
2023-01-17,SKU_005,77,71,77,3,149,30.72,96.85,0
2023-01-18,SKU_005,54,50,54,2,119,19.59,71.7,0
2023-01-19,SKU_005,85,79,85,0,110,12.11,110.05,0
2023-01-20,SKU_005,0,0,0,0,113,26.87,62.4,0
2023-01-21,SKU_005,104,111,104,2,110,24.67,65.97,0
2023-01-22,SKU_005,70,83,70,3,147,21.41,97.85,0
2023-01-23,SKU_005,108,121,108,2,129,12.25,89.14,0
2023-01-24,SKU_005,73,77,73,1,136,32.37,90.88,1
2023-01-25,SKU_005,0,0,0,0,114,25.08,96.19,1
2023-01-26,SKU_005,85,79,85,2,132,40.65,84.38,0
2023-01-27,SKU_005,89,83,89,1,134,18.07,114.53,0
2023-01-28,SKU_005,49,55,49,1,112,19.03,97.0,1
2023-01-29,SKU_005,40,47,40,0,119,15.21,72.21,0
2023-01-30,SKU_005,68,61,68,1,122,42.67,113.11,1
2023-01-31,SKU_005,73,83,73,1,133,47.42,105.09,0
2023-02-01,SKU_005,100,98,100,2,118,38.03,105.92,0
2023-02-02,SKU_005,103,94,103,2,134,21.31,78.27,0
2023-02-03,SKU_005,122,125,122,5,113,17.23,116.86,0
2023-02-04,SKU_005,60,64,60,1,144,39.69,73.7,1
2023-02-05,SKU_005,37,37,37,0,119,12.3,95.0,0
2023-02-06,SKU_005,138,141,138,5,137,26.43,90.28,1
2023-02-07,SKU_005,71,71,71,3,123,26.83,90.12,0
2023-02-08,SKU_005,126,146,126,4,127,29.0,83.16,0
2023-02-09,SKU_005,54,57,54,1,120,45.11,72.24,0
2023-02-10,SKU_005,16,16,16,0,123,22.2,71.56,0
2023-02-11,SKU_005,75,72,75,1,145,23.31,116.4,0
2023-02-12,SKU_005,35,40,35,1,120,38.39,119.02,1
2023-02-13,SKU_005,0,0,0,0,107,11.57,61.31,0
2023-02-14,SKU_005,60,62,60,2,114,41.34,60.63,0
2023-02-15,SKU_005,78,80,78,2,82,45.5,113.64,0
2023-02-16,SKU_005,63,74,63,3,72,21.15,117.53,0
2023-02-17,SKU_005,100,98,100,2,123,13.3,69.27,0
2023-02-18,SKU_005,59,57,59,1,117,48.66,116.68,0
2023-02-19,SKU_005,62,72,62,0,122,10.57,75.46,0
2023-02-20,SKU_005,100,111,100,5,126,31.33,84.34,0
2023-02-21,SKU_005,18,20,18,0,99,31.75,101.7,0
2023-02-22,SKU_005,98,106,98,2,111,25.38,80.82,0
2023-02-23,SKU_005,98,102,98,4,91,42.4,74.3,0
2023-02-24,SKU_005,111,108,111,1,124,27.82,118.02,0
2023-02-25,SKU_005,156,146,156,4,125,38.72,82.32,1
2023-02-26,SKU_005,116,118,116,5,133,48.66,86.61,0
2023-02-27,SKU_005,70,77,70,1,119,24.14,78.94,0
2023-02-28,SKU_005,62,59,62,1,120,27.79,94.59,0
2023-03-01,SKU_005,93,102,93,3,108,37.07,63.85,0
2023-03-02,SKU_005,87,83,87,3,97,15.35,117.2,1
2023-03-03,SKU_005,73,73,73,2,104,21.59,74.33,0
2023-03-04,SKU_005,85,94,85,1,100,49.06,117.28,0
2023-03-05,SKU_005,26,23,26,0,122,41.11,111.5,0
2023-03-06,SKU_005,20,22,20,0,123,10.39,84.55,0
2023-03-07,SKU_005,69,77,69,1,111,27.85,103.62,0
2023-03-08,SKU_005,111,107,111,3,133,16.25,105.11,0
2023-03-09,SKU_005,87,90,87,2,136,32.77,97.9,0
2023-03-10,SKU_005,0,0,0,0,124,29.68,78.61,0
2023-03-11,SKU_005,41,42,41,0,107,47.11,112.06,0
2023-03-12,SKU_005,103,116,103,1,130,35.76,110.06,0
2023-03-13,SKU_005,140,127,140,4,81,13.26,86.1,0
2023-03-14,SKU_005,94,107,94,1,108,14.17,68.73,0
2023-03-15,SKU_005,47,51,47,2,120,43.13,97.56,1
2023-03-16,SKU_005,67,68,67,3,111,34.42,110.1,0
2023-03-17,SKU_005,49,53,49,1,136,49.91,75.81,0
2023-03-18,SKU_005,107,127,107,6,129,12.61,109.31,0
2023-03-19,SKU_005,93,111,93,5,107,27.57,62.4,0
2023-03-20,SKU_005,68,62,68,1,151,28.76,115.71,0
2023-03-21,SKU_005,55,65,55,1,122,29.11,81.32,0
2023-03-22,SKU_005,46,45,46,0,136,36.22,62.39,0
2023-03-23,SKU_005,76,78,76,1,137,36.83,109.28,0
2023-03-24,SKU_005,91,87,91,1,95,46.44,109.23,0
2023-03-25,SKU_005,0,0,0,0,90,31.86,65.48,0
2023-03-26,SKU_005,54,51,54,0,140,10.7,62.94,0
2023-03-27,SKU_005,91,90,91,2,96,11.06,104.11,0
2023-03-28,SKU_005,103,115,103,4,112,15.04,67.79,0
2023-03-29,SKU_005,41,48,41,1,126,34.73,106.89,0
2023-03-30,SKU_005,125,114,125,4,113,35.62,78.85,0
2023-03-31,SKU_005,0,0,0,0,133,16.66,102.73,0
2023-04-01,SKU_005,110,105,110,1,121,40.36,90.04,0
2023-04-02,SKU_005,38,35,38,1,132,33.75,105.29,0
2023-04-03,SKU_005,88,86,88,1,120,24.18,93.88,0
2023-04-04,SKU_005,98,91,98,3,116,46.28,70.12,0
2023-04-05,SKU_005,86,85,86,1,127,22.15,65.58,0
2023-04-06,SKU_005,127,119,127,1,115,35.74,71.83,1
2023-04-07,SKU_005,127,134,127,4,101,37.31,97.72,0
2023-04-08,SKU_005,0,0,0,0,124,43.3,119.5,0
2023-04-09,SKU_005,113,124,113,6,133,14.28,106.84,0
2023-04-10,SKU_005,59,64,59,1,91,40.49,116.17,0
2023-04-11,SKU_005,60,69,60,2,119,20.72,114.73,0
2023-04-12,SKU_005,79,77,79,2,120,35.07,68.77,0
2023-04-13,SKU_005,70,76,70,1,106,10.68,114.57,0
2023-04-14,SKU_005,88,105,88,1,135,48.62,114.95,0
2023-04-15,SKU_005,38,35,38,1,111,20.87,108.96,0
2023-04-16,SKU_005,0,0,0,0,116,49.26,97.78,0
2023-04-17,SKU_005,69,63,69,0,118,33.23,115.73,0
2023-04-18,SKU_005,142,158,142,2,113,24.45,98.24,1
2023-04-19,SKU_005,85,88,85,3,121,27.28,107.78,0
2023-04-20,SKU_005,140,152,140,4,97,15.77,65.61,1
2023-04-21,SKU_005,55,61,55,1,110,30.24,69.75,0
2023-04-22,SKU_005,71,80,71,1,138,10.34,61.2,0
2023-04-23,SKU_005,72,73,72,2,121,27.71,103.93,0
2023-04-24,SKU_005,34,33,34,1,128,43.2,84.94,0
2023-04-25,SKU_005,60,62,60,1,153,35.07,81.52,0
2023-04-26,SKU_005,176,206,176,8,111,28.05,103.12,0
2023-04-27,SKU_005,75,73,75,3,99,23.42,117.14,0
2023-04-28,SKU_005,44,44,44,0,123,34.92,86.81,0
2023-04-29,SKU_005,69,81,69,3,102,26.76,91.04,1
2023-04-30,SKU_005,38,40,38,0,136,48.63,70.49,0
2023-05-01,SKU_005,113,124,113,4,133,45.7,64.72,0
2023-05-02,SKU_005,111,106,111,2,139,21.25,84.67,0
2023-05-03,SKU_005,0,0,0,0,120,23.54,60.43,0
2023-05-04,SKU_005,89,84,89,1,129,11.79,97.35,0
2023-05-05,SKU_005,124,140,124,5,130,26.26,106.31,0
2023-05-06,SKU_005,76,89,76,1,111,42.2,111.01,0
2023-05-07,SKU_005,101,92,101,1,160,35.81,61.02,0
2023-05-08,SKU_005,0,0,0,0,140,10.56,94.01,0
2023-05-09,SKU_005,11,11,11,0,155,37.38,90.19,0
2023-05-10,SKU_005,94,89,94,3,105,34.52,69.43,0
2023-05-11,SKU_005,87,84,87,3,110,42.71,118.74,0
2023-05-12,SKU_005,61,64,61,2,127,13.58,85.08,0
2023-05-13,SKU_005,101,94,101,3,115,14.05,97.39,0
2023-05-14,SKU_005,103,99,103,3,100,44.95,67.61,0
2023-05-15,SKU_005,74,70,74,2,104,40.35,66.35,0
2023-05-16,SKU_005,81,95,81,2,133,25.77,110.89,0
2023-05-17,SKU_005,122,140,122,3,120,23.33,89.52,0
2023-05-18,SKU_005,78,78,78,1,145,19.55,116.96,0
2023-05-19,SKU_005,15,13,15,0,115,31.76,93.1,0
2023-05-20,SKU_005,77,75,77,1,127,28.31,105.57,0
2023-05-21,SKU_005,79,89,79,2,116,32.55,72.3,0
2023-05-22,SKU_005,0,0,0,0,126,24.1,103.36,0
2023-05-23,SKU_005,72,67,72,1,107,17.84,116.63,0
2023-05-24,SKU_005,80,94,80,2,136,36.36,119.35,0
2023-05-25,SKU_005,44,40,44,0,130,30.39,78.0,0
2023-05-26,SKU_005,102,103,102,4,108,10.72,66.14,0
2023-05-27,SKU_005,83,90,83,3,86,14.34,112.56,0
2023-05-28,SKU_005,62,65,62,1,130,33.19,92.41,1
2023-05-29,SKU_005,0,0,0,0,123,11.3,104.6,0
2023-05-30,SKU_005,71,70,71,1,125,24.89,75.28,0
2023-01-01,SKU_006,56,51,56,2,73,30.48,91.62,0
2023-01-02,SKU_006,36,38,36,0,68,14.65,118.21,1
2023-01-03,SKU_006,34,31,34,0,89,37.9,98.57,0
2023-01-04,SKU_006,30,29,30,1,83,18.37,64.35,0
2023-01-05,SKU_006,58,53,58,2,85,20.34,80.23,0
2023-01-06,SKU_006,24,24,24,0,78,40.91,108.19,0
2023-01-07,SKU_006,25,28,25,1,74,17.62,82.0,0
2023-01-08,SKU_006,39,41,39,1,92,32.16,70.47,0
2023-01-09,SKU_006,87,100,87,4,92,46.79,65.69,0
2023-01-10,SKU_006,67,63,67,2,93,38.8,65.17,0
2023-01-11,SKU_006,81,87,81,3,55,43.45,72.93,0
2023-01-12,SKU_006,52,62,52,0,91,22.12,98.29,0
2023-01-13,SKU_006,54,58,54,2,71,20.23,81.87,0
2023-01-14,SKU_006,58,65,58,2,92,18.3,94.13,0
2023-01-15,SKU_006,51,48,51,1,84,48.07,79.18,0
2023-01-16,SKU_006,35,39,35,0,76,41.32,86.56,0
2023-01-17,SKU_006,26,26,26,0,56,31.04,108.53,0
2023-01-18,SKU_006,21,20,21,0,88,38.94,94.63,0
2023-01-19,SKU_006,57,60,57,1,104,13.26,71.6,0
2023-01-20,SKU_006,35,31,35,1,78,31.52,90.52,0
2023-01-21,SKU_006,41,42,41,0,74,19.9,98.71,0
2023-01-22,SKU_006,33,32,33,1,77,33.85,102.58,1
2023-01-23,SKU_006,54,63,54,3,73,31.62,87.49,0
2023-01-24,SKU_006,51,49,51,1,71,28.22,94.93,0
2023-01-25,SKU_006,86,94,86,2,79,47.42,114.73,0
2023-01-26,SKU_006,71,84,71,3,84,34.02,91.8,1
2023-01-27,SKU_006,109,116,109,4,71,21.19,93.9,1
2023-01-28,SKU_006,74,88,74,1,90,29.93,79.77,0
2023-01-29,SKU_006,71,68,71,3,82,12.39,113.32,0
2023-01-30,SKU_006,71,64,71,1,79,44.26,83.76,0
2023-01-31,SKU_006,71,80,71,2,76,49.53,87.92,1
2023-02-01,SKU_006,21,24,21,0,76,20.73,95.45,0
2023-02-02,SKU_006,53,60,53,1,89,32.11,66.88,0
2023-02-03,SKU_006,77,91,77,2,103,12.54,93.1,0
2023-02-04,SKU_006,5,5,5,0,71,34.62,84.34,1
2023-02-05,SKU_006,75,88,75,1,67,42.46,63.32,0
2023-02-06,SKU_006,79,86,79,4,84,38.56,115.48,0
2023-02-07,SKU_006,24,25,24,0,79,34.9,60.6,0
2023-02-08,SKU_006,49,50,49,1,84,34.15,77.94,0
2023-02-09,SKU_006,45,43,45,1,78,18.05,64.8,0
2023-02-10,SKU_006,0,0,0,0,85,46.61,111.27,0
2023-02-11,SKU_006,69,78,69,3,79,19.32,110.72,0
2023-02-12,SKU_006,89,84,89,1,85,17.48,64.0,0
2023-02-13,SKU_006,36,41,36,1,80,46.07,115.57,1
2023-02-14,SKU_006,83,80,83,2,77,34.28,71.31,0
2023-02-15,SKU_006,78,76,78,2,80,30.11,68.67,0
2023-02-16,SKU_006,30,31,30,1,69,12.12,105.3,0
2023-02-17,SKU_006,89,88,89,1,66,24.25,101.82,0
2023-02-18,SKU_006,59,60,59,1,83,20.83,82.23,0
2023-02-19,SKU_006,58,68,58,2,81,26.41,88.24,1
2023-02-20,SKU_006,36,40,36,1,69,44.18,104.94,0
2023-02-21,SKU_006,12,11,12,0,89,33.86,81.96,0
2023-02-22,SKU_006,115,107,115,1,86,22.33,112.17,0
2023-02-23,SKU_006,54,49,54,0,70,24.85,90.1,0
2023-02-24,SKU_006,69,70,69,2,92,16.87,108.47,0
2023-02-25,SKU_006,56,62,56,1,83,30.99,98.36,0
2023-02-26,SKU_006,29,31,29,0,95,41.77,89.68,0
2023-02-27,SKU_006,44,45,44,2,82,44.36,65.33,0
2023-02-28,SKU_006,69,65,69,1,62,22.82,68.1,0
2023-03-01,SKU_006,39,40,39,0,83,40.27,79.92,0
2023-03-02,SKU_006,60,56,60,1,72,12.53,67.9,0
2023-03-03,SKU_006,71,69,71,2,101,19.33,111.86,0
2023-03-04,SKU_006,62,56,62,1,85,12.91,107.41,0
2023-03-05,SKU_006,0,0,0,0,95,36.47,81.33,0
2023-03-06,SKU_006,63,67,63,2,63,28.37,109.08,0
2023-03-07,SKU_006,28,30,28,1,76,38.36,109.42,0
2023-03-08,SKU_006,44,40,44,1,70,40.89,64.53,0
2023-03-09,SKU_006,27,29,27,0,71,48.46,108.44,0
2023-03-10,SKU_006,45,53,45,1,81,47.75,60.23,0
2023-03-11,SKU_006,21,19,21,0,90,29.08,119.67,0
2023-03-12,SKU_006,58,69,58,1,83,22.17,65.19,1
2023-03-13,SKU_006,7,8,7,0,70,16.56,77.11,0
2023-03-14,SKU_006,39,46,39,0,75,14.51,112.2,0
2023-03-15,SKU_006,72,74,72,1,75,49.57,63.28,0
2023-03-16,SKU_006,96,100,96,2,85,47.55,108.31,0
2023-03-17,SKU_006,62,71,62,1,61,28.7,77.13,0
2023-03-18,SKU_006,29,26,29,0,76,27.33,107.98,0
2023-03-19,SKU_006,13,13,13,0,67,19.42,115.95,0
2023-03-20,SKU_006,50,52,50,1,85,17.89,72.81,0
2023-03-21,SKU_006,38,44,38,0,87,46.16,69.39,0
2023-03-22,SKU_006,53,50,53,2,64,33.96,64.3,0
2023-03-23,SKU_006,0,0,0,0,90,21.01,114.58,0
2023-03-24,SKU_006,14,16,14,0,79,22.13,83.57,0
2023-03-25,SKU_006,31,36,31,1,81,23.61,111.36,0
2023-03-26,SKU_006,33,31,33,1,88,18.24,79.3,0
2023-03-27,SKU_006,32,37,32,0,68,30.4,87.63,0
2023-03-28,SKU_006,42,42,42,1,63,17.98,62.27,0
2023-03-29,SKU_006,41,37,41,0,83,29.32,84.96,0
2023-03-30,SKU_006,61,58,61,1,74,46.43,96.92,0
2023-03-31,SKU_006,23,21,23,0,99,11.58,84.18,0
2023-04-01,SKU_006,82,89,82,2,77,15.15,116.86,0
2023-04-02,SKU_006,30,33,30,0,88,44.69,100.38,1
2023-04-03,SKU_006,37,41,37,0,83,10.8,105.16,0
2023-04-04,SKU_006,44,39,44,1,85,37.09,102.16,0
2023-04-05,SKU_006,0,0,0,0,80,21.93,67.59,0
2023-04-06,SKU_006,63,69,63,1,83,12.43,84.8,0
2023-04-07,SKU_006,19,21,19,0,80,47.39,110.1,0
2023-04-08,SKU_006,16,16,16,0,76,47.14,94.78,0
2023-04-09,SKU_006,48,48,48,1,84,24.03,82.61,0
2023-04-10,SKU_006,0,0,0,0,85,18.33,75.03,0
2023-04-11,SKU_006,53,61,53,1,64,13.14,81.38,0
2023-04-12,SKU_006,64,67,64,0,92,49.37,83.01,0
2023-04-13,SKU_006,69,74,69,2,61,43.44,75.9,0
2023-04-14,SKU_006,81,82,81,2,85,16.02,115.96,0
2023-04-15,SKU_006,80,84,80,3,78,29.35,89.43,0
2023-04-16,SKU_006,62,72,62,3,76,30.81,100.63,0
2023-04-17,SKU_006,41,43,41,0,79,17.32,81.9,0
2023-04-18,SKU_006,52,49,52,1,70,35.5,93.4,0
2023-04-19,SKU_006,42,43,42,1,94,10.73,99.24,0
2023-04-20,SKU_006,58,54,58,1,84,33.7,110.13,1
2023-04-21,SKU_006,15,13,15,0,86,19.79,112.89,0
2023-04-22,SKU_006,48,45,48,1,86,46.32,108.26,1
2023-04-23,SKU_006,74,69,74,2,80,45.18,84.6,0
2023-04-24,SKU_006,28,33,28,0,66,28.43,100.28,0
2023-04-25,SKU_006,68,73,68,2,83,15.05,116.75,0
2023-04-26,SKU_006,57,63,57,2,77,18.76,86.58,0
2023-04-27,SKU_006,44,50,44,1,84,28.47,78.87,0
2023-04-28,SKU_006,98,108,98,4,66,12.08,111.58,0
2023-04-29,SKU_006,49,57,49,1,61,39.99,65.81,0
2023-04-30,SKU_006,34,35,34,0,85,26.38,106.81,0
2023-05-01,SKU_006,56,56,56,1,86,34.2,93.59,0
2023-05-02,SKU_006,64,68,64,1,73,40.65,115.95,0
2023-05-03,SKU_006,54,50,54,2,67,17.34,75.17,0
2023-05-04,SKU_006,47,44,47,0,93,30.36,68.85,0
2023-05-05,SKU_006,60,70,60,3,80,19.79,67.89,0
2023-05-06,SKU_006,48,49,48,0,78,31.76,80.31,0
2023-05-07,SKU_006,62,63,62,2,87,46.22,67.19,0
2023-05-08,SKU_006,55,63,55,1,75,42.5,111.2,0
2023-05-09,SKU_006,45,47,45,0,85,11.76,103.22,0
2023-05-10,SKU_006,67,60,67,2,68,13.17,71.49,0
2023-05-11,SKU_006,17,20,17,0,67,10.94,85.81,0
2023-05-12,SKU_006,58,62,58,2,75,12.14,68.43,0
2023-05-13,SKU_006,132,130,132,6,81,43.7,103.34,1
2023-05-14,SKU_006,20,23,20,0,78,29.5,81.85,0
2023-05-15,SKU_006,9,10,9,0,73,46.55,109.98,0
2023-05-16,SKU_006,3,3,3,0,81,49.57,62.36,0
2023-05-17,SKU_006,12,13,12,0,108,17.75,72.87,0
2023-05-18,SKU_006,15,17,15,0,82,30.74,81.14,0
2023-05-19,SKU_006,74,78,74,3,65,25.85,101.63,0
2023-05-20,SKU_006,44,45,44,1,61,47.63,79.76,1
2023-05-21,SKU_006,19,21,19,1,80,47.83,71.83,0
2023-05-22,SKU_006,102,117,102,3,56,24.93,89.59,0
2023-05-23,SKU_006,60,65,60,0,85,34.17,67.26,1
2023-05-24,SKU_006,93,86,93,2,60,16.99,119.23,0
2023-05-25,SKU_006,35,41,35,0,75,26.95,98.99,1
2023-05-26,SKU_006,6,5,6,0,81,45.8,101.16,0
2023-05-27,SKU_006,70,71,70,1,97,18.67,100.18,0
2023-05-28,SKU_006,14,14,14,0,98,43.01,89.12,0
2023-05-29,SKU_006,29,32,29,0,85,26.63,88.15,0
2023-05-30,SKU_006,80,87,80,1,65,28.4,71.61,0
2023-01-01,SKU_007,15,16,15,0,31,15.37,98.69,0
2023-01-02,SKU_007,5,5,5,0,34,31.46,86.23,0
2023-01-03,SKU_007,7,6,7,0,40,29.18,82.04,0
2023-01-04,SKU_007,7,8,7,0,26,34.57,80.05,0
2023-01-05,SKU_007,0,0,0,0,21,29.89,100.04,1
2023-01-06,SKU_007,24,24,24,0,31,29.85,84.22,0
2023-01-07,SKU_007,10,11,10,0,32,25.89,80.21,0
2023-01-08,SKU_007,22,20,22,0,31,36.75,92.57,0
2023-01-09,SKU_007,26,24,26,0,32,23.08,96.4,0
2023-01-10,SKU_007,27,32,27,0,33,42.82,77.11,0
2023-01-11,SKU_007,12,11,12,0,45,39.14,81.29,0
2023-01-12,SKU_007,24,25,24,0,31,14.77,73.47,0
2023-01-13,SKU_007,19,21,19,0,27,25.75,71.51,1
2023-01-14,SKU_007,4,4,4,0,35,38.16,116.74,0
2023-01-15,SKU_007,16,16,16,0,26,30.32,91.72,0
2023-01-16,SKU_007,19,20,19,0,32,45.76,115.19,1
2023-01-17,SKU_007,39,35,39,0,27,39.85,60.5,0
2023-01-18,SKU_007,23,25,23,1,37,25.77,60.08,0
2023-01-19,SKU_007,33,36,33,0,33,12.97,71.52,0
2023-01-20,SKU_007,39,45,39,0,36,17.07,94.81,0
2023-01-21,SKU_007,9,9,9,0,26,18.45,78.79,0
2023-01-22,SKU_007,33,33,33,0,24,39.78,118.27,0
2023-01-23,SKU_007,16,17,16,0,33,36.02,113.38,0
2023-01-24,SKU_007,41,46,41,1,25,49.34,100.04,1
2023-01-25,SKU_007,31,33,31,0,32,23.31,86.3,0
2023-01-26,SKU_007,17,18,17,0,30,33.67,64.33,0
2023-01-27,SKU_007,11,12,11,0,36,36.78,88.62,0
2023-01-28,SKU_007,0,0,0,0,36,41.12,90.02,0
2023-01-29,SKU_007,35,40,35,0,37,40.79,93.68,0
2023-01-30,SKU_007,48,53,48,2,35,12.94,63.21,0
2023-01-31,SKU_007,18,16,18,0,43,39.89,78.7,0
2023-02-01,SKU_007,27,31,27,1,26,26.58,101.37,0
2023-02-02,SKU_007,8,7,8,0,38,32.17,105.72,0
2023-02-03,SKU_007,20,19,20,0,31,12.9,117.25,0
2023-02-04,SKU_007,24,25,24,1,32,10.21,104.89,0
2023-02-05,SKU_007,20,23,20,0,28,31.1,68.47,1
2023-02-06,SKU_007,24,28,24,0,29,36.61,64.72,0
2023-02-07,SKU_007,12,12,12,0,37,16.85,104.5,0
2023-02-08,SKU_007,26,24,26,0,28,19.89,104.9,0
2023-02-09,SKU_007,20,21,20,0,33,25.66,102.8,0
2023-02-10,SKU_007,13,12,13,0,26,30.16,102.53,0
2023-02-11,SKU_007,32,37,32,1,30,28.22,61.85,0
2023-02-12,SKU_007,0,0,0,0,23,46.97,61.46,0
2023-02-13,SKU_007,20,19,20,0,38,10.03,116.21,0
2023-02-14,SKU_007,30,29,30,0,29,14.28,103.17,0
2023-02-15,SKU_007,18,16,18,0,26,30.64,75.21,0
2023-02-16,SKU_007,18,19,18,0,27,39.1,87.1,0
2023-02-17,SKU_007,4,4,4,0,26,45.06,69.5,0
2023-02-18,SKU_007,17,18,17,0,33,27.58,64.03,0
2023-02-19,SKU_007,32,34,32,1,28,10.55,78.19,0
2023-02-20,SKU_007,21,20,21,0,24,19.25,68.18,0
2023-02-21,SKU_007,0,0,0,0,25,10.37,97.64,0
2023-02-22,SKU_007,16,16,16,0,27,43.57,61.92,0
2023-02-23,SKU_007,44,48,44,1,40,35.89,62.69,1
2023-02-24,SKU_007,31,28,31,1,33,18.4,83.65,0
2023-02-25,SKU_007,21,23,21,0,27,29.62,110.93,0
2023-02-26,SKU_007,27,28,27,0,31,20.76,108.19,1
2023-02-27,SKU_007,24,24,24,0,31,45.23,84.77,0
2023-02-28,SKU_007,0,0,0,0,36,14.85,66.83,0
2023-03-01,SKU_007,10,11,10,0,35,44.54,106.35,0
2023-03-02,SKU_007,17,19,17,0,27,14.88,90.59,0
2023-03-03,SKU_007,13,13,13,0,36,16.56,82.88,0
2023-03-04,SKU_007,24,26,24,1,33,12.29,113.63,0
2023-03-05,SKU_007,15,17,15,0,29,28.74,95.9,1
2023-03-06,SKU_007,17,15,17,0,28,46.23,90.97,0
2023-03-07,SKU_007,26,29,26,1,28,18.44,101.3,0
2023-03-08,SKU_007,28,31,28,1,39,43.54,99.29,0
2023-03-09,SKU_007,19,18,19,0,28,28.21,114.51,0
2023-03-10,SKU_007,15,16,15,0,33,24.55,105.39,0
2023-03-11,SKU_007,29,26,29,1,41,18.85,100.62,0
2023-03-12,SKU_007,13,14,13,0,32,43.67,108.08,0
2023-03-13,SKU_007,31,31,31,1,33,42.24,81.21,0
2023-03-14,SKU_007,6,5,6,0,31,44.2,80.79,0
2023-03-15,SKU_007,16,15,16,0,30,14.03,102.45,1
2023-03-16,SKU_007,39,36,39,0,37,25.91,80.18,0
2023-03-17,SKU_007,28,29,28,1,32,23.33,86.95,0
2023-03-18,SKU_007,18,18,18,0,36,20.0,96.57,0
2023-03-19,SKU_007,26,27,26,0,31,14.22,100.98,0
2023-03-20,SKU_007,17,19,17,0,41,49.04,91.94,0
2023-03-21,SKU_007,7,6,7,0,38,49.53,83.33,1
2023-03-22,SKU_007,25,27,25,0,40,40.82,89.98,0
2023-03-23,SKU_007,21,23,21,0,37,19.69,70.3,0
2023-03-24,SKU_007,12,13,12,0,27,10.01,67.62,0
2023-03-25,SKU_007,31,30,31,1,34,24.94,100.89,1
2023-03-26,SKU_007,22,26,22,0,29,38.14,98.69,0
2023-03-27,SKU_007,18,16,18,0,31,20.09,92.05,0
2023-03-28,SKU_007,27,31,27,1,35,25.4,84.14,0
2023-03-29,SKU_007,13,12,13,0,22,24.53,63.14,0
2023-03-30,SKU_007,18,17,18,0,32,21.94,98.29,0
2023-03-31,SKU_007,36,40,36,0,30,47.45,91.21,0
2023-04-01,SKU_007,15,15,15,0,30,22.67,100.64,0
2023-04-02,SKU_007,9,8,9,0,35,25.09,99.84,0
2023-04-03,SKU_007,20,18,20,0,31,40.43,60.95,0
2023-04-04,SKU_007,18,18,18,0,27,39.34,112.28,0
2023-04-05,SKU_007,11,12,11,0,23,15.03,95.36,0
2023-04-06,SKU_007,29,30,29,1,29,31.92,102.16,0
2023-04-07,SKU_007,23,21,23,0,25,36.78,72.97,0
2023-04-08,SKU_007,12,13,12,0,27,44.39,75.11,0
2023-04-09,SKU_007,39,44,39,0,35,10.88,109.01,1
2023-04-10,SKU_007,14,14,14,0,28,14.32,64.18,0
2023-04-11,SKU_007,34,38,34,1,24,11.06,80.13,0
2023-04-12,SKU_007,7,6,7,0,31,10.72,64.47,0
2023-04-13,SKU_007,33,36,33,0,35,43.66,97.06,0
2023-04-14,SKU_007,0,0,0,0,29,41.53,75.54,0
2023-04-15,SKU_007,16,16,16,0,28,29.07,76.24,1
2023-04-16,SKU_007,6,6,6,0,29,44.31,89.7,0
2023-04-17,SKU_007,19,17,19,0,26,15.04,114.19,0
2023-04-18,SKU_007,28,31,28,0,38,41.43,87.75,0
2023-04-19,SKU_007,36,41,36,1,31,17.19,88.07,0
2023-04-20,SKU_007,43,49,43,0,30,44.1,92.9,0
2023-04-21,SKU_007,24,21,24,0,24,42.51,67.96,0
2023-04-22,SKU_007,37,38,37,1,33,34.73,66.79,0
2023-04-23,SKU_007,36,38,36,0,30,16.83,73.61,0
2023-04-24,SKU_007,8,8,8,0,33,20.32,89.49,0
2023-04-25,SKU_007,13,14,13,0,33,48.37,102.94,0
2023-04-26,SKU_007,9,10,9,0,42,29.96,115.89,0
2023-04-27,SKU_007,7,6,7,0,31,30.39,82.8,0
2023-04-28,SKU_007,15,14,15,0,23,41.02,94.24,0
2023-04-29,SKU_007,6,5,6,0,34,15.21,78.56,0
2023-04-30,SKU_007,14,13,14,0,31,12.56,111.75,0
2023-05-01,SKU_007,17,18,17,0,32,20.8,72.41,0
2023-05-02,SKU_007,27,28,27,1,28,14.7,107.14,0
2023-05-03,SKU_007,16,18,16,0,40,35.71,82.92,0
2023-05-04,SKU_007,30,35,30,0,30,27.47,91.21,0
2023-05-05,SKU_007,0,0,0,0,30,16.84,112.4,0
2023-05-06,SKU_007,4,4,4,0,33,47.29,103.24,0
2023-05-07,SKU_007,20,21,20,0,34,15.4,88.12,0
2023-05-08,SKU_007,16,19,16,0,27,22.64,85.47,0
2023-05-09,SKU_007,23,27,23,0,36,21.52,71.13,0
2023-05-10,SKU_007,23,25,23,0,32,43.85,87.14,0
2023-05-11,SKU_007,29,29,29,0,32,41.25,100.8,0
2023-05-12,SKU_007,17,15,17,0,33,22.96,68.18,0
2023-05-13,SKU_007,36,41,36,1,37,36.37,83.88,0
2023-05-14,SKU_007,27,27,27,0,33,26.53,84.34,0
2023-05-15,SKU_007,14,15,14,0,31,45.9,99.37,0
2023-05-16,SKU_007,25,26,25,1,32,20.98,83.59,0
2023-05-17,SKU_007,31,30,31,1,33,16.91,80.67,1
2023-05-18,SKU_007,16,18,16,0,31,28.81,112.41,0
2023-05-19,SKU_007,6,6,6,0,32,46.29,104.42,0
2023-05-20,SKU_007,21,21,21,0,28,38.57,111.67,0
2023-05-21,SKU_007,39,39,39,1,35,45.1,85.09,0
2023-05-22,SKU_007,8,7,8,0,32,43.94,61.22,0
2023-05-23,SKU_007,8,9,8,0,37,18.86,62.09,0
2023-05-24,SKU_007,33,37,33,1,42,34.17,109.63,0
2023-05-25,SKU_007,12,11,12,0,23,13.65,103.12,0
2023-05-26,SKU_007,4,4,4,0,24,27.96,92.23,0
2023-05-27,SKU_007,33,38,33,1,30,29.92,93.25,0
2023-05-28,SKU_007,20,19,20,0,32,18.57,63.6,0
2023-05-29,SKU_007,10,11,10,0,30,34.25,80.22,0
2023-05-30,SKU_007,26,24,26,0,31,36.33,75.83,1
2023-01-01,SKU_008,34,35,34,1,78,20.51,90.27,0
2023-01-02,SKU_008,45,41,45,1,84,36.57,85.6,0
2023-01-03,SKU_008,80,84,80,3,92,22.53,105.22,0
2023-01-04,SKU_008,83,96,83,3,75,24.24,77.05,0
2023-01-05,SKU_008,51,49,51,1,94,25.64,64.8,1
2023-01-06,SKU_008,60,64,60,1,84,30.66,90.28,0
2023-01-07,SKU_008,0,0,0,0,91,14.04,96.58,0
2023-01-08,SKU_008,0,0,0,0,83,18.4,89.51,1
2023-01-09,SKU_008,37,39,37,1,97,41.68,67.63,0
2023-01-10,SKU_008,0,0,0,0,86,20.53,93.37,0
2023-01-11,SKU_008,76,76,76,1,83,44.32,78.53,0
2023-01-12,SKU_008,51,57,51,0,51,36.73,113.75,1
2023-01-13,SKU_008,0,0,0,0,67,15.48,90.41,0
2023-01-14,SKU_008,33,37,33,0,95,37.47,110.48,0
2023-01-15,SKU_008,61,55,61,0,86,43.83,80.78,0
2023-01-16,SKU_008,34,36,34,0,69,13.35,119.57,0
2023-01-17,SKU_008,0,0,0,0,103,22.07,99.02,0
2023-01-18,SKU_008,44,45,44,1,76,30.46,116.61,1
2023-01-19,SKU_008,77,70,77,2,94,44.15,74.52,0
2023-01-20,SKU_008,0,0,0,0,94,27.56,62.69,0
2023-01-21,SKU_008,72,65,72,2,79,18.57,63.87,0
2023-01-22,SKU_008,60,63,60,2,96,10.51,101.71,0
2023-01-23,SKU_008,82,89,82,2,88,24.94,72.86,0
2023-01-24,SKU_008,47,42,47,0,99,38.99,101.89,0
2023-01-25,SKU_008,0,0,0,0,104,43.27,118.83,0
2023-01-26,SKU_008,0,0,0,0,101,13.0,116.6,0
2023-01-27,SKU_008,24,27,24,1,112,35.52,97.72,0
2023-01-28,SKU_008,90,100,90,4,88,13.35,88.97,0
2023-01-29,SKU_008,70,72,70,2,85,34.61,109.68,0
2023-01-30,SKU_008,62,66,62,1,75,16.85,100.06,0
2023-01-31,SKU_008,50,46,50,2,72,28.49,83.4,0
2023-02-01,SKU_008,41,40,41,1,97,20.98,109.45,1
2023-02-02,SKU_008,29,29,29,0,104,34.37,111.19,0
2023-02-03,SKU_008,69,71,69,0,116,33.68,104.18,0
2023-02-04,SKU_008,0,0,0,0,100,33.86,76.5,1
2023-02-05,SKU_008,20,22,20,0,99,23.31,105.29,0
2023-02-06,SKU_008,56,62,56,1,92,47.7,109.08,0
2023-02-07,SKU_008,0,0,0,0,88,21.84,90.9,0
2023-02-08,SKU_008,17,15,17,0,92,39.0,86.16,0
2023-02-09,SKU_008,79,78,79,2,125,21.47,82.02,1
2023-02-10,SKU_008,0,0,0,0,91,12.97,66.23,0
2023-02-11,SKU_008,0,0,0,0,100,29.4,78.33,0
2023-02-12,SKU_008,53,56,53,0,108,24.56,110.0,0
2023-02-13,SKU_008,41,38,41,1,81,15.81,78.98,0
2023-02-14,SKU_008,0,0,0,0,100,11.2,83.83,0
2023-02-15,SKU_008,89,94,89,1,93,22.6,94.53,0
2023-02-16,SKU_008,46,44,46,2,83,44.11,106.49,0
2023-02-17,SKU_008,26,27,26,0,89,15.27,113.2,0
2023-02-18,SKU_008,13,14,13,0,95,40.53,103.36,0
2023-02-19,SKU_008,18,20,18,0,87,15.53,83.94,0
2023-02-20,SKU_008,0,0,0,0,83,29.52,102.13,0
2023-02-21,SKU_008,59,58,59,0,90,33.06,107.52,0
2023-02-22,SKU_008,74,69,74,1,96,18.91,103.04,0
2023-02-23,SKU_008,53,56,53,1,88,34.11,119.16,0
2023-02-24,SKU_008,18,21,18,0,101,25.72,117.71,0
2023-02-25,SKU_008,67,74,67,3,102,30.83,76.11,0
2023-02-26,SKU_008,43,47,43,1,121,26.2,71.9,0
2023-02-27,SKU_008,53,59,53,1,78,26.37,92.65,0
2023-02-28,SKU_008,24,22,24,0,91,47.31,96.3,0
2023-03-01,SKU_008,60,70,60,2,84,48.4,109.23,0
2023-03-02,SKU_008,0,0,0,0,108,21.43,76.25,0
2023-03-03,SKU_008,0,0,0,0,81,19.27,107.88,0
2023-03-04,SKU_008,0,0,0,0,84,26.32,66.84,0
2023-03-05,SKU_008,81,72,81,3,103,42.57,114.24,1
2023-03-06,SKU_008,70,64,70,2,97,48.4,100.71,0
2023-03-07,SKU_008,105,109,105,5,77,13.04,90.07,0
2023-03-08,SKU_008,79,93,79,1,94,26.09,61.41,0
2023-03-09,SKU_008,79,77,79,3,122,47.09,84.16,0
2023-03-10,SKU_008,57,53,57,2,113,28.16,104.07,0
2023-03-11,SKU_008,0,0,0,0,116,23.39,101.73,0
2023-03-12,SKU_008,60,62,60,2,55,17.98,78.46,1
2023-03-13,SKU_008,48,46,48,1,83,19.69,70.14,0
2023-03-14,SKU_008,0,0,0,0,106,30.28,101.24,0
2023-03-15,SKU_008,60,59,60,0,91,21.57,78.59,0
2023-03-16,SKU_008,92,92,92,1,82,31.65,61.42,1
2023-03-17,SKU_008,63,58,63,2,94,39.29,96.66,0
2023-03-18,SKU_008,62,66,62,2,73,32.6,116.92,0
2023-03-19,SKU_008,55,57,55,2,86,30.21,104.88,0
2023-03-20,SKU_008,0,0,0,0,86,20.59,80.99,0
2023-03-21,SKU_008,40,42,40,0,86,35.94,103.52,0
2023-03-22,SKU_008,86,93,86,2,82,23.51,108.58,0
2023-03-23,SKU_008,75,77,75,2,76,35.31,118.56,0
2023-03-24,SKU_008,50,55,50,1,97,12.33,119.91,0
2023-03-25,SKU_008,74,81,74,3,88,45.06,72.1,1
2023-03-26,SKU_008,44,50,44,0,97,30.8,109.82,0
2023-03-27,SKU_008,0,0,0,0,102,30.21,91.88,0
2023-03-28,SKU_008,91,87,91,1,97,44.95,64.53,0
2023-03-29,SKU_008,82,81,82,0,89,22.03,94.68,0
2023-03-30,SKU_008,55,58,55,2,71,49.94,74.12,0
2023-03-31,SKU_008,42,38,42,1,54,21.76,93.59,0
2023-04-01,SKU_008,0,0,0,0,94,17.95,90.5,0
2023-04-02,SKU_008,28,31,28,0,82,33.93,75.86,0
2023-04-03,SKU_008,60,70,60,2,70,47.96,106.63,0
2023-04-04,SKU_008,93,95,93,4,86,38.05,77.44,0
2023-04-05,SKU_008,71,79,71,1,84,29.04,62.67,0
2023-04-06,SKU_008,33,32,33,0,118,15.85,71.34,0
2023-04-07,SKU_008,0,0,0,0,81,44.85,99.79,0
2023-04-08,SKU_008,90,106,90,4,91,46.37,90.73,0
2023-04-09,SKU_008,76,73,76,3,96,42.61,118.73,0
2023-04-10,SKU_008,0,0,0,0,88,34.57,108.26,0
2023-04-11,SKU_008,48,43,48,0,89,30.05,62.6,0
2023-04-12,SKU_008,0,0,0,0,82,28.57,89.72,0
2023-04-13,SKU_008,63,70,63,2,73,47.16,82.68,0
2023-04-14,SKU_008,0,0,0,0,82,31.78,91.94,1
2023-04-15,SKU_008,51,55,51,0,114,31.18,83.73,0
2023-04-16,SKU_008,56,66,56,2,91,45.63,65.67,0
2023-04-17,SKU_008,44,40,44,1,104,26.74,86.45,0
2023-04-18,SKU_008,53,48,53,1,85,23.92,88.14,0
2023-04-19,SKU_008,0,0,0,0,79,11.34,88.21,0
2023-04-20,SKU_008,0,0,0,0,102,35.81,109.6,0
2023-04-21,SKU_008,89,98,89,3,96,25.17,80.42,0
2023-04-22,SKU_008,101,105,101,4,81,12.46,63.08,0
2023-04-23,SKU_008,57,63,57,2,96,15.78,68.04,0
2023-04-24,SKU_008,25,23,25,0,106,30.41,67.67,0
2023-04-25,SKU_008,49,47,49,1,65,19.68,83.91,1
2023-04-26,SKU_008,60,57,60,0,106,42.55,89.61,0
2023-04-27,SKU_008,75,83,75,1,97,38.89,71.43,0
2023-04-28,SKU_008,0,0,0,0,94,39.66,83.19,0
2023-04-29,SKU_008,38,42,38,0,87,36.59,77.17,0
2023-04-30,SKU_008,60,54,60,1,88,30.04,79.3,0
2023-05-01,SKU_008,84,88,84,2,100,18.02,77.24,0
2023-05-02,SKU_008,0,0,0,0,125,47.8,71.73,0
2023-05-03,SKU_008,79,84,79,1,105,11.9,73.16,0
2023-05-04,SKU_008,43,44,43,1,78,25.93,94.8,0
2023-05-05,SKU_008,0,0,0,0,87,23.16,90.5,1
2023-05-06,SKU_008,66,68,66,1,108,21.92,82.99,0
2023-05-07,SKU_008,18,20,18,0,77,32.08,73.86,0
2023-05-08,SKU_008,73,70,73,2,100,42.0,80.77,0
2023-05-09,SKU_008,0,0,0,0,101,17.52,111.58,0
2023-05-10,SKU_008,0,0,0,0,67,29.95,72.91,0
2023-05-11,SKU_008,0,0,0,0,89,38.56,104.16,0
2023-05-12,SKU_008,93,106,93,1,89,15.54,104.89,0
2023-05-13,SKU_008,57,64,57,2,104,10.37,61.98,0
2023-05-14,SKU_008,31,30,31,1,84,11.44,115.97,0
2023-05-15,SKU_008,0,0,0,0,104,40.74,73.3,0
2023-05-16,SKU_008,0,0,0,0,96,47.01,68.81,0
2023-05-17,SKU_008,33,38,33,0,108,49.44,70.83,0
2023-05-18,SKU_008,75,71,75,1,90,31.5,119.71,0
2023-05-19,SKU_008,91,91,91,2,96,31.69,106.1,1
2023-05-20,SKU_008,0,0,0,0,94,10.8,75.17,0
2023-05-21,SKU_008,0,0,0,0,125,47.03,98.72,0
2023-05-22,SKU_008,72,81,72,1,97,32.4,107.38,0
2023-05-23,SKU_008,44,52,44,1,102,48.28,101.81,0
2023-05-24,SKU_008,46,46,46,1,108,37.14,71.9,0
2023-05-25,SKU_008,76,79,76,2,100,26.37,113.72,0
2023-05-26,SKU_008,86,80,86,0,88,39.19,108.66,0
2023-05-27,SKU_008,70,69,70,2,89,43.92,82.06,0
2023-05-28,SKU_008,41,44,41,2,93,44.52,88.88,1
2023-05-29,SKU_008,48,47,48,0,93,47.33,108.36,0
2023-05-30,SKU_008,0,0,0,0,106,17.9,114.65,0
2023-01-01,SKU_009,32,29,32,0,65,38.83,93.29,0
2023-01-02,SKU_009,50,45,50,1,62,45.65,108.23,0
2023-01-03,SKU_009,36,41,36,1,66,39.18,66.01,0
2023-01-04,SKU_009,42,39,42,1,62,46.69,83.49,0
2023-01-05,SKU_009,0,0,0,0,55,47.54,67.35,0
2023-01-06,SKU_009,0,0,0,0,83,21.11,112.19,0
2023-01-07,SKU_009,31,32,31,1,64,43.41,113.61,0
2023-01-08,SKU_009,34,35,34,1,61,44.98,104.95,0
2023-01-09,SKU_009,0,0,0,0,53,20.14,79.85,0
2023-01-10,SKU_009,55,56,55,1,55,20.05,69.97,0
2023-01-11,SKU_009,63,71,63,2,68,32.83,89.06,0
2023-01-12,SKU_009,23,24,23,0,66,15.44,64.0,0
2023-01-13,SKU_009,36,33,36,0,63,43.21,117.04,0
2023-01-14,SKU_009,24,25,24,0,48,21.74,62.01,0
2023-01-15,SKU_009,51,50,51,1,62,44.31,113.85,0
2023-01-16,SKU_009,44,42,44,1,55,34.29,88.6,0
2023-01-17,SKU_009,0,0,0,0,59,40.52,105.57,0
2023-01-18,SKU_009,40,42,40,0,68,10.28,74.41,0
2023-01-19,SKU_009,33,38,33,1,68,36.16,100.33,1
2023-01-20,SKU_009,26,30,26,0,75,32.51,65.98,0
2023-01-21,SKU_009,47,53,47,1,51,19.29,60.06,0
2023-01-22,SKU_009,40,46,40,1,75,31.0,88.63,0
2023-01-23,SKU_009,16,15,16,0,66,33.33,73.8,0
2023-01-24,SKU_009,57,59,57,2,71,47.45,108.44,0
2023-01-25,SKU_009,39,35,39,1,52,33.54,93.42,0
2023-01-26,SKU_009,44,49,44,1,61,40.29,73.62,0
2023-01-27,SKU_009,56,64,56,1,61,33.56,103.25,0
2023-01-28,SKU_009,43,51,43,1,67,38.12,73.36,0
2023-01-29,SKU_009,30,29,30,0,60,38.18,89.53,1
2023-01-30,SKU_009,46,42,46,1,57,10.82,74.96,0
2023-01-31,SKU_009,58,62,58,2,64,49.74,73.94,0
2023-02-01,SKU_009,47,50,47,1,57,11.27,88.16,0
2023-02-02,SKU_009,59,66,59,2,69,44.32,83.48,0
2023-02-03,SKU_009,41,46,41,1,63,19.16,73.91,0
2023-02-04,SKU_009,70,72,70,1,72,46.62,67.54,0
2023-02-05,SKU_009,1,1,1,0,63,30.53,74.55,0
2023-02-06,SKU_009,0,0,0,0,80,39.1,100.76,0
2023-02-07,SKU_009,28,28,28,0,74,44.99,70.23,0
2023-02-08,SKU_009,42,41,42,0,62,47.17,103.05,0
2023-02-09,SKU_009,47,45,47,1,59,22.86,69.58,0
2023-02-10,SKU_009,31,29,31,0,66,23.25,67.12,0
2023-02-11,SKU_009,43,48,43,1,68,13.65,100.74,0
2023-02-12,SKU_009,17,16,17,0,79,41.62,71.62,0
2023-02-13,SKU_009,48,47,48,2,76,33.22,106.39,0
2023-02-14,SKU_009,41,40,41,1,63,22.73,76.0,0
2023-02-15,SKU_009,23,26,23,1,69,10.47,95.27,0
2023-02-16,SKU_009,40,37,40,1,74,47.69,109.39,1
2023-02-17,SKU_009,58,59,58,1,45,27.29,118.76,1
2023-02-18,SKU_009,30,31,30,1,60,27.22,84.57,0
2023-02-19,SKU_009,56,64,56,0,62,13.95,97.15,0
2023-02-20,SKU_009,30,27,30,0,62,49.13,112.45,0
2023-02-21,SKU_009,0,0,0,0,81,46.45,109.24,0
2023-02-22,SKU_009,54,63,54,1,56,46.33,78.57,0
2023-02-23,SKU_009,46,47,46,0,80,38.22,71.45,0
2023-02-24,SKU_009,34,34,34,0,58,29.65,112.35,0
2023-02-25,SKU_009,46,43,46,1,59,20.0,85.02,0
2023-02-26,SKU_009,45,42,45,1,55,46.2,86.08,0
2023-02-27,SKU_009,19,20,19,0,89,14.28,109.27,0
2023-02-28,SKU_009,0,0,0,0,57,35.35,112.81,0
2023-03-01,SKU_009,39,45,39,0,74,24.65,96.09,0
2023-03-02,SKU_009,37,43,37,1,65,29.74,70.7,0
2023-03-03,SKU_009,42,47,42,1,55,44.48,113.61,0
2023-03-04,SKU_009,54,64,54,2,82,31.81,63.07,0
2023-03-05,SKU_009,50,54,50,1,53,21.15,69.53,0
2023-03-06,SKU_009,42,39,42,0,79,16.16,107.62,0
2023-03-07,SKU_009,61,60,61,2,68,13.29,85.1,0
2023-03-08,SKU_009,54,55,54,1,73,43.62,79.42,0
2023-03-09,SKU_009,33,37,33,0,66,28.88,114.47,0
2023-03-10,SKU_009,34,35,34,0,75,40.38,111.18,0
2023-03-11,SKU_009,29,32,29,0,61,49.75,103.73,0
2023-03-12,SKU_009,69,80,69,3,50,24.81,61.21,0
2023-03-13,SKU_009,39,41,39,2,54,24.42,107.91,0
2023-03-14,SKU_009,18,20,18,0,67,27.42,77.68,1
2023-03-15,SKU_009,33,33,33,0,73,19.79,62.97,0
2023-03-16,SKU_009,0,0,0,0,70,35.1,79.31,0
2023-03-17,SKU_009,0,0,0,0,66,16.66,91.72,0
2023-03-18,SKU_009,29,26,29,0,73,27.27,87.18,0
2023-03-19,SKU_009,34,33,34,0,47,27.7,98.82,0
2023-03-20,SKU_009,51,54,51,2,66,37.16,112.41,0
2023-03-21,SKU_009,67,75,67,2,65,27.11,79.84,1
2023-03-22,SKU_009,35,36,35,0,76,40.69,114.32,0
2023-03-23,SKU_009,51,59,51,1,62,26.08,94.54,0
2023-03-24,SKU_009,27,28,27,0,60,48.85,67.07,0
2023-03-25,SKU_009,53,51,53,0,71,27.36,115.71,0
2023-03-26,SKU_009,48,55,48,1,70,46.04,118.59,0
2023-03-27,SKU_009,39,44,39,1,64,32.15,91.79,0
2023-03-28,SKU_009,0,0,0,0,66,42.11,68.37,0
2023-03-29,SKU_009,23,26,23,0,59,31.91,96.57,1
2023-03-30,SKU_009,35,38,35,1,59,26.15,72.46,0
2023-03-31,SKU_009,50,53,50,2,67,15.6,80.9,0
2023-04-01,SKU_009,40,40,40,0,62,34.59,114.17,0
2023-04-02,SKU_009,44,42,44,1,74,32.2,104.55,0
2023-04-03,SKU_009,48,49,48,1,63,40.03,75.93,0
2023-04-04,SKU_009,51,49,51,0,64,45.66,110.86,0
2023-04-05,SKU_009,45,45,45,2,74,27.28,92.33,0
2023-04-06,SKU_009,34,39,34,1,63,33.56,68.35,1
2023-04-07,SKU_009,35,41,35,0,66,18.18,70.89,1
2023-04-08,SKU_009,46,43,46,0,72,29.04,117.26,0
2023-04-09,SKU_009,19,19,19,0,59,41.95,74.6,0
2023-04-10,SKU_009,0,0,0,0,66,42.38,118.07,0
2023-04-11,SKU_009,40,40,40,0,53,49.28,65.77,0
2023-04-12,SKU_009,40,42,40,1,65,21.49,116.41,0
2023-04-13,SKU_009,29,26,29,0,71,19.24,90.54,0
2023-04-14,SKU_009,28,28,28,0,53,35.36,81.85,0
2023-04-15,SKU_009,40,43,40,1,69,29.46,73.49,0
2023-04-16,SKU_009,33,37,33,0,42,33.18,112.63,0
2023-04-17,SKU_009,61,55,61,1,74,36.05,69.24,0
2023-04-18,SKU_009,70,78,70,1,63,26.31,102.3,0
2023-04-19,SKU_009,43,46,43,1,62,33.89,88.35,0
2023-04-20,SKU_009,14,13,14,0,71,18.1,117.54,0
2023-04-21,SKU_009,51,56,51,2,74,23.56,109.16,0
2023-04-22,SKU_009,34,34,34,0,74,13.88,81.07,0
2023-04-23,SKU_009,0,0,0,0,58,49.45,65.31,0
2023-04-24,SKU_009,49,53,49,2,76,14.72,109.99,0
2023-04-25,SKU_009,47,45,47,1,69,29.76,63.31,0
2023-04-26,SKU_009,43,39,43,1,80,44.07,91.46,0
2023-04-27,SKU_009,25,26,25,1,57,33.0,113.4,0
2023-04-28,SKU_009,41,47,41,1,74,15.15,111.32,0
2023-04-29,SKU_009,11,11,11,0,64,21.22,93.41,0
2023-04-30,SKU_009,48,56,48,1,74,14.33,90.39,1
2023-05-01,SKU_009,13,11,13,0,68,33.41,76.85,0
2023-05-02,SKU_009,67,62,67,2,45,24.98,64.85,0
2023-05-03,SKU_009,68,62,68,1,65,42.77,64.79,0
2023-05-04,SKU_009,37,40,37,0,73,12.65,72.96,0
2023-05-05,SKU_009,76,86,76,3,67,34.35,84.71,0
2023-05-06,SKU_009,36,32,36,1,69,18.1,113.41,0
2023-05-07,SKU_009,0,0,0,0,85,21.0,103.01,0
2023-05-08,SKU_009,41,37,41,1,69,26.81,94.62,0
2023-05-09,SKU_009,36,36,36,0,61,17.68,114.27,0
2023-05-10,SKU_009,0,0,0,0,76,34.89,99.7,0
2023-05-11,SKU_009,59,54,59,2,54,18.9,119.98,0
2023-05-12,SKU_009,64,68,64,3,57,22.6,91.42,0
2023-05-13,SKU_009,46,50,46,0,54,25.63,116.79,0
2023-05-14,SKU_009,38,44,38,1,78,28.32,94.16,0
2023-05-15,SKU_009,38,37,38,0,71,11.51,62.58,0
2023-05-16,SKU_009,57,65,57,1,77,44.82,81.57,0
2023-05-17,SKU_009,48,50,48,0,50,33.65,78.89,1
2023-05-18,SKU_009,54,59,54,1,67,30.51,100.54,0
2023-05-19,SKU_009,49,49,49,2,66,38.11,62.52,0
2023-05-20,SKU_009,73,68,73,1,52,43.25,60.93,0
2023-05-21,SKU_009,0,0,0,0,71,47.81,96.51,0
2023-05-22,SKU_009,51,57,51,1,68,38.5,82.1,0
2023-05-23,SKU_009,0,0,0,0,66,26.25,70.01,1
2023-05-24,SKU_009,57,68,57,1,69,33.98,116.23,0
2023-05-25,SKU_009,38,44,38,1,65,11.34,65.47,1
2023-05-26,SKU_009,84,82,84,3,72,24.73,62.73,0
2023-05-27,SKU_009,22,20,22,0,58,49.85,79.77,0
2023-05-28,SKU_009,33,38,33,1,77,28.02,98.8,0
2023-05-29,SKU_009,41,42,41,0,61,38.01,109.58,0
2023-05-30,SKU_009,51,57,51,1,61,39.36,66.24,0
2023-01-01,SKU_010,87,101,87,4,71,31.15,105.23,0
2023-01-02,SKU_010,55,59,55,0,78,38.9,110.13,0
2023-01-03,SKU_010,68,67,68,1,100,37.16,93.79,0
2023-01-04,SKU_010,66,78,66,3,101,47.68,72.97,0
2023-01-05,SKU_010,0,0,0,0,67,44.5,111.26,1
2023-01-06,SKU_010,56,56,56,1,87,47.72,70.78,0
2023-01-07,SKU_010,74,72,74,1,100,23.16,92.04,1
2023-01-08,SKU_010,71,74,71,0,99,47.75,101.61,0
2023-01-09,SKU_010,73,78,73,3,90,38.95,114.33,0
2023-01-10,SKU_010,63,69,63,3,97,21.34,98.41,0
2023-01-11,SKU_010,0,0,0,0,85,34.87,67.69,0
2023-01-12,SKU_010,60,70,60,1,68,25.59,96.39,0
2023-01-13,SKU_010,63,61,63,0,94,25.35,68.49,0
2023-01-14,SKU_010,56,61,56,1,74,27.65,63.94,0
2023-01-15,SKU_010,60,61,60,2,103,47.71,76.02,0
2023-01-16,SKU_010,50,54,50,0,97,30.41,91.75,0
2023-01-17,SKU_010,49,56,49,0,84,27.03,71.23,0
2023-01-18,SKU_010,45,52,45,1,76,38.71,113.82,0
2023-01-19,SKU_010,73,71,73,1,90,22.1,96.74,0
2023-01-20,SKU_010,66,63,66,2,102,20.58,68.99,1
2023-01-21,SKU_010,48,51,48,2,81,40.45,75.75,0
2023-01-22,SKU_010,52,57,52,1,69,22.72,93.23,0
2023-01-23,SKU_010,0,0,0,0,80,36.57,72.84,0
2023-01-24,SKU_010,60,63,60,0,89,14.33,90.53,0
2023-01-25,SKU_010,64,75,64,3,81,24.25,116.83,0
2023-01-26,SKU_010,93,90,93,1,92,27.7,66.88,0
2023-01-27,SKU_010,0,0,0,0,98,15.61,113.19,0
2023-01-28,SKU_010,0,0,0,0,82,44.37,84.21,0
2023-01-29,SKU_010,0,0,0,0,87,44.86,81.79,0
2023-01-30,SKU_010,58,67,58,1,90,10.17,76.43,0
2023-01-31,SKU_010,64,68,64,2,96,27.15,105.51,0
2023-02-01,SKU_010,54,64,54,1,113,46.87,115.98,0
2023-02-02,SKU_010,73,75,73,2,92,28.68,73.67,0
2023-02-03,SKU_010,70,77,70,1,111,29.26,62.66,0
2023-02-04,SKU_010,60,57,60,2,93,34.48,107.27,0
2023-02-05,SKU_010,47,49,47,0,108,28.1,112.87,0
2023-02-06,SKU_010,45,48,45,1,98,25.95,67.18,0
2023-02-07,SKU_010,0,0,0,0,72,47.02,82.54,0
2023-02-08,SKU_010,52,57,52,1,94,43.25,81.9,0
2023-02-09,SKU_010,72,64,72,1,100,49.18,87.86,0
2023-02-10,SKU_010,46,48,46,2,96,21.85,92.7,0
2023-02-11,SKU_010,66,68,66,2,91,10.71,111.71,0
2023-02-12,SKU_010,74,67,74,1,72,46.2,112.16,0
2023-02-13,SKU_010,0,0,0,0,85,23.45,100.33,1
2023-02-14,SKU_010,0,0,0,0,99,12.34,72.93,0
2023-02-15,SKU_010,57,63,57,1,112,22.58,109.73,0
2023-02-16,SKU_010,72,76,72,2,89,23.74,84.05,0
2023-02-17,SKU_010,46,54,46,1,111,31.84,92.82,1
2023-02-18,SKU_010,57,55,57,2,102,37.05,80.45,0
2023-02-19,SKU_010,57,66,57,1,78,11.68,95.89,0
2023-02-20,SKU_010,45,50,45,1,81,38.37,111.27,0
2023-02-21,SKU_010,0,0,0,0,89,12.78,94.22,0
2023-02-22,SKU_010,0,0,0,0,117,48.86,65.02,0
2023-02-23,SKU_010,0,0,0,0,100,44.06,114.38,0
2023-02-24,SKU_010,73,68,73,2,100,29.25,87.04,0
2023-02-25,SKU_010,63,74,63,1,102,38.97,108.73,0
2023-02-26,SKU_010,77,88,77,1,96,43.94,84.84,0
2023-02-27,SKU_010,80,78,80,0,90,29.82,66.01,0
2023-02-28,SKU_010,51,50,51,2,92,16.06,98.83,0
2023-03-01,SKU_010,62,60,62,2,94,38.6,98.37,0
2023-03-02,SKU_010,58,67,58,1,118,21.77,112.37,0
2023-03-03,SKU_010,58,63,58,1,88,43.46,117.0,0
2023-03-04,SKU_010,54,51,54,0,108,25.43,114.21,0
2023-03-05,SKU_010,53,48,53,2,107,15.59,93.11,0
2023-03-06,SKU_010,0,0,0,0,92,23.72,85.1,0
2023-03-07,SKU_010,84,93,84,4,81,34.55,97.42,0
2023-03-08,SKU_010,41,49,41,2,114,20.78,66.01,0
2023-03-09,SKU_010,56,50,56,2,107,12.96,70.5,0
2023-03-10,SKU_010,37,43,37,2,75,44.33,119.92,0
2023-03-11,SKU_010,50,56,50,1,108,37.52,61.27,0
2023-03-12,SKU_010,0,0,0,0,97,46.22,62.21,0
2023-03-13,SKU_010,71,68,71,1,122,19.47,90.15,0
2023-03-14,SKU_010,53,59,53,1,93,36.14,76.78,0
2023-03-15,SKU_010,60,60,60,1,96,47.09,114.08,1
2023-03-16,SKU_010,0,0,0,0,90,15.94,98.16,0
2023-03-17,SKU_010,52,52,52,1,83,18.25,84.17,1
2023-03-18,SKU_010,85,82,85,1,128,32.78,84.63,0
2023-03-19,SKU_010,59,55,59,0,82,22.27,88.51,0
2023-03-20,SKU_010,71,77,71,2,81,22.89,86.28,0
2023-03-21,SKU_010,76,86,76,1,88,31.33,111.48,0
2023-03-22,SKU_010,58,59,58,1,99,46.39,90.55,0
2023-03-23,SKU_010,0,0,0,0,98,19.95,85.9,0
2023-03-24,SKU_010,58,56,58,2,88,22.24,67.65,0
2023-03-25,SKU_010,46,49,46,1,106,39.12,99.99,0
2023-03-26,SKU_010,40,43,40,1,117,10.23,119.52,0
2023-03-27,SKU_010,58,60,58,0,99,25.8,70.63,0
2023-03-28,SKU_010,67,61,67,0,86,14.21,117.93,0
2023-03-29,SKU_010,0,0,0,0,95,32.79,73.3,0
2023-03-30,SKU_010,40,47,40,1,111,42.72,77.43,0
2023-03-31,SKU_010,58,55,58,0,111,40.87,115.17,0
2023-04-01,SKU_010,0,0,0,0,91,41.14,65.6,0
2023-04-02,SKU_010,0,0,0,0,98,49.28,63.78,0
2023-04-03,SKU_010,72,71,72,3,101,45.23,105.46,0
2023-04-04,SKU_010,0,0,0,0,89,24.27,107.53,0
2023-04-05,SKU_010,63,68,63,3,91,25.92,79.91,0
2023-04-06,SKU_010,88,101,88,2,80,18.67,70.18,1
2023-04-07,SKU_010,58,57,58,1,88,25.92,100.48,1
2023-04-08,SKU_010,0,0,0,0,78,12.68,113.74,0
2023-04-09,SKU_010,0,0,0,0,81,48.99,100.87,0
2023-04-10,SKU_010,73,76,73,2,102,10.44,115.59,0
2023-04-11,SKU_010,67,64,67,0,98,49.18,77.76,0
2023-04-12,SKU_010,0,0,0,0,74,37.59,93.93,1
2023-04-13,SKU_010,0,0,0,0,91,17.42,107.53,0
2023-04-14,SKU_010,0,0,0,0,100,46.98,109.58,0
2023-04-15,SKU_010,57,60,57,2,95,43.29,110.78,0
2023-04-16,SKU_010,59,62,59,2,81,31.92,87.18,0
2023-04-17,SKU_010,0,0,0,0,86,40.07,65.7,0
2023-04-18,SKU_010,48,55,48,1,98,46.68,88.07,0
2023-04-19,SKU_010,0,0,0,0,81,25.67,95.36,0
2023-04-20,SKU_010,0,0,0,0,94,47.87,66.03,0
2023-04-21,SKU_010,67,66,67,2,91,13.2,74.54,0
2023-04-22,SKU_010,60,69,60,1,103,49.17,117.59,0
2023-04-23,SKU_010,57,61,57,0,99,43.47,70.47,1
2023-04-24,SKU_010,77,91,77,2,96,12.42,104.95,0
2023-04-25,SKU_010,62,62,62,2,69,31.76,112.61,0
2023-04-26,SKU_010,65,62,65,2,108,24.31,110.66,0
2023-04-27,SKU_010,59,70,59,2,83,16.4,76.67,0
2023-04-28,SKU_010,73,76,73,3,104,27.48,67.43,0
2023-04-29,SKU_010,67,73,67,3,110,27.13,79.88,0
2023-04-30,SKU_010,57,58,57,0,69,48.31,84.26,0
2023-05-01,SKU_010,0,0,0,0,117,12.07,72.66,1
2023-05-02,SKU_010,78,84,78,2,105,20.92,74.67,0
2023-05-03,SKU_010,92,99,92,1,96,39.71,99.56,0
2023-05-04,SKU_010,60,71,60,2,104,40.36,77.82,0
2023-05-05,SKU_010,0,0,0,0,88,38.91,76.05,0
2023-05-06,SKU_010,61,69,61,2,83,40.4,80.94,0
2023-05-07,SKU_010,60,71,60,2,98,28.54,96.8,0
2023-05-08,SKU_010,79,85,79,1,85,44.09,96.08,0
2023-05-09,SKU_010,61,66,61,0,77,10.6,67.76,0
2023-05-10,SKU_010,47,51,47,1,93,21.78,60.82,1
2023-05-11,SKU_010,57,62,57,1,80,19.25,80.63,0
2023-05-12,SKU_010,67,67,67,1,113,45.18,62.35,0
2023-05-13,SKU_010,60,64,60,1,94,14.23,76.68,0
2023-05-14,SKU_010,52,57,52,2,92,34.56,90.62,0
2023-05-15,SKU_010,39,40,39,1,103,16.46,77.57,0
2023-05-16,SKU_010,57,64,57,0,97,10.5,113.89,0
2023-05-17,SKU_010,70,73,70,3,77,49.33,98.1,0
2023-05-18,SKU_010,53,52,53,0,97,12.93,71.75,0
2023-05-19,SKU_010,34,31,34,0,91,20.85,96.9,0
2023-05-20,SKU_010,0,0,0,0,100,40.87,113.89,0
2023-05-21,SKU_010,62,57,62,0,107,41.05,92.1,0
2023-05-22,SKU_010,71,70,71,2,110,49.27,84.66,0
2023-05-23,SKU_010,0,0,0,0,95,24.86,62.36,0
2023-05-24,SKU_010,48,48,48,1,109,34.06,100.3,0
2023-05-25,SKU_010,39,44,39,1,85,21.7,64.88,1
2023-05-26,SKU_010,64,66,64,1,93,45.65,89.46,0
2023-05-27,SKU_010,0,0,0,0,95,23.78,97.54,0
2023-05-28,SKU_010,70,73,70,3,100,34.58,100.78,0
2023-05-29,SKU_010,51,56,51,1,77,10.33,118.2,0
2023-05-30,SKU_010,58,54,58,1,101,41.35,66.76,0
